,grid_type,number_lights,height,width,diffuser_height,mean,std,min,1,5,10,90,95,99,max
0,ogrid,4,1,7.5,0.05,20.445974900520355,35.070325435056716,0.0,0.0,1.0,1.0,60.0,101.0,176.0,239.0
1,ogrid,4,1,7.5,0.33,20.520865217834913,34.818622812337026,0.0,0.0,1.0,1.0,62.0,99.0,173.0,233.0
2,ogrid,4,1,7.5,0.66,20.633506785021936,34.89968067314983,0.0,0.0,1.0,1.0,61.0,102.0,173.0,222.0
3,ogrid,4,1,7.5,0.95,20.74206713600653,34.873631602937664,0.0,0.0,1.0,2.0,62.0,101.0,173.0,217.0
4,ogrid,4,1,10.0,0.05,8.828792980308132,22.23152402801479,0.0,0.0,0.0,0.0,19.0,40.0,130.0,221.0
5,ogrid,4,1,10.0,0.33,8.893072135496379,22.49972267873853,0.0,0.0,0.0,0.0,18.0,40.0,132.0,233.0
6,ogrid,4,1,10.0,0.66,9.01010101010101,22.953918161023513,0.0,0.0,0.0,0.0,18.0,40.0,134.0,268.0
7,ogrid,4,1,10.0,0.95,9.124068972553822,23.429460332696905,0.0,0.0,0.0,0.0,19.0,41.0,137.0,264.0
8,ogrid,4,1,12.5,0.05,2.021018263442506,3.4929589449894163,0.0,0.0,0.0,0.0,4.0,7.0,18.0,49.0
9,ogrid,4,1,12.5,0.33,2.052749719416386,3.6428075395543233,0.0,0.0,0.0,0.0,5.0,8.0,19.0,49.0
10,ogrid,4,1,12.5,0.66,2.1057034996428934,3.7392636659413623,0.0,0.0,0.0,0.0,5.0,8.0,19.0,56.0
11,ogrid,4,1,12.5,0.95,2.1616161616161618,3.8115489391826127,0.0,0.0,0.0,0.0,5.0,8.0,19.0,55.0
12,ogrid,4,1,15.0,0.05,0.7539026629935721,1.129887865871647,0.0,0.0,0.0,0.0,2.0,3.0,5.0,12.0
13,ogrid,4,1,15.0,0.33,0.8059381695745332,1.2076894740711046,0.0,0.0,0.0,0.0,2.0,3.0,6.0,15.0
14,ogrid,4,1,15.0,0.66,0.8544026119783695,1.254854161309518,0.0,0.0,0.0,0.0,2.0,3.0,6.0,11.0
15,ogrid,4,1,15.0,0.95,0.864401591674319,1.2525574171226552,0.0,0.0,0.0,0.0,2.0,3.0,6.0,13.0
16,ogrid,4,2,7.5,0.05,14.967350270380573,12.893351053401064,0.0,1.0,2.0,3.0,36.0,43.0,54.0,80.0
17,ogrid,4,2,7.5,0.33,15.061116212631363,12.907242842805196,0.0,1.0,2.0,4.0,36.0,42.0,54.0,73.0
18,ogrid,4,2,7.5,0.66,15.197836955412713,12.997905830491076,0.0,1.0,3.0,4.0,36.0,44.0,53.0,67.0
19,ogrid,4,2,7.5,0.95,15.313029282726253,13.10724922564209,0.0,1.0,3.0,4.0,37.0,44.0,55.0,77.0
20,ogrid,4,2,10.0,0.05,8.070911131517192,9.62170770357884,0.0,0.0,1.0,1.0,20.0,30.0,47.0,71.0
21,ogrid,4,2,10.0,0.33,8.120497908376697,9.73768122639008,0.0,0.0,1.0,1.0,20.0,30.0,49.0,77.0
22,ogrid,4,2,10.0,0.66,8.301397816549331,9.905778289001697,0.0,0.0,1.0,1.0,20.0,30.0,50.0,79.0
23,ogrid,4,2,10.0,0.95,8.398836853382308,10.073315299764493,0.0,0.0,1.0,2.0,20.0,31.0,50.0,75.0
24,ogrid,4,2,12.5,0.05,3.3882256912559945,3.9383293205929584,0.0,0.0,0.0,0.0,8.0,11.0,21.0,40.0
25,ogrid,4,2,12.5,0.33,3.3885317824711763,3.9694074350467634,0.0,0.0,0.0,0.0,8.0,11.0,20.0,41.0
26,ogrid,4,2,12.5,0.66,3.5066829915314766,4.1077445360386315,0.0,0.0,0.0,0.0,8.0,11.0,22.0,38.0
27,ogrid,4,2,12.5,0.95,3.60085705540251,4.262608942479229,0.0,0.0,0.0,0.0,8.0,12.0,22.0,41.0
28,ogrid,4,2,15.0,0.05,1.5686154474033263,1.8095785826070292,0.0,0.0,0.0,0.0,4.0,5.0,8.0,22.0
29,ogrid,4,2,15.0,0.33,1.6113661871237628,1.8329560734570762,0.0,0.0,0.0,0.0,4.0,5.0,9.0,23.0
30,ogrid,4,2,15.0,0.66,1.6757473727170697,1.8838729151788123,0.0,0.0,0.0,0.0,4.0,5.0,9.0,22.0
31,ogrid,4,2,15.0,0.95,1.7233955718804204,1.935473873743603,0.0,0.0,0.0,0.0,4.0,5.0,10.0,19.0
32,ogrid,4,3,7.5,0.05,11.785634118967453,6.35383739132049,0.0,2.0,3.0,5.0,21.0,24.0,29.0,38.0
33,ogrid,4,3,7.5,0.33,11.875828997041118,6.468937053829432,0.0,2.0,3.0,4.0,21.0,24.0,29.0,38.0
34,ogrid,4,3,7.5,0.66,12.070911131517192,6.455562721275439,0.0,2.0,4.0,5.0,21.0,24.0,29.0,39.0
35,ogrid,4,3,7.5,0.95,12.143760840730538,6.489397386388551,0.0,2.0,4.0,5.0,22.0,25.0,30.0,38.0
36,ogrid,4,3,10.0,0.05,7.23773084379145,5.353116880289844,0.0,0.0,1.0,2.0,15.0,19.0,25.0,36.0
37,ogrid,4,3,10.0,0.33,7.417406387103357,5.492287962738507,0.0,1.0,2.0,2.0,15.0,19.0,26.0,39.0
38,ogrid,4,3,10.0,0.66,7.4954596469747985,5.568653503503927,0.0,1.0,2.0,2.0,15.0,20.0,27.0,39.0
39,ogrid,4,3,10.0,0.95,7.615039281705949,5.664033159008875,0.0,1.0,2.0,2.0,15.0,20.0,27.0,41.0
40,ogrid,4,3,12.5,0.05,3.8690949903071115,3.1964079304825335,0.0,0.0,0.0,1.0,8.0,10.0,15.0,25.0
41,ogrid,4,3,12.5,0.33,3.986429956126926,3.349260924190415,0.0,0.0,0.0,1.0,8.0,11.0,16.0,27.0
42,ogrid,4,3,12.5,0.66,4.071421283542496,3.446384197160457,0.0,0.0,0.0,1.0,8.0,11.0,18.0,28.0
43,ogrid,4,3,12.5,0.95,4.13396592184471,3.4851427594184687,0.0,0.0,0.0,1.0,8.0,11.0,17.0,31.0
44,ogrid,4,3,15.0,0.05,2.121212121212121,1.948107529536832,0.0,0.0,0.0,0.0,5.0,6.0,9.0,16.0
45,ogrid,4,3,15.0,0.33,2.169166411590654,1.9888353330530084,0.0,0.0,0.0,0.0,5.0,6.0,9.0,19.0
46,ogrid,4,3,15.0,0.66,2.2479338842975207,2.063612400449155,0.0,0.0,0.0,0.0,5.0,6.0,9.0,17.0
47,ogrid,4,3,15.0,0.95,2.3034384246505457,2.0909718949502443,0.0,0.0,0.0,0.0,5.0,6.0,10.0,18.0
48,ogrid,4,5,7.5,0.05,8.08213447607387,3.212833949048854,0.0,2.0,3.0,4.0,12.0,14.0,16.0,22.0
49,ogrid,4,5,7.5,0.33,8.138863381287624,3.2452394546874554,0.0,2.0,3.0,4.0,12.0,14.0,17.0,24.0
50,ogrid,4,5,7.5,0.66,8.341903887358432,3.2347730626752913,0.0,2.0,3.0,4.0,13.0,14.0,16.0,22.0
51,ogrid,4,5,7.5,0.95,8.465258647076828,3.29398911756475,0.0,2.0,3.0,4.0,13.0,14.0,17.0,25.0
52,ogrid,4,5,10.0,0.05,5.819814304662789,2.729998489389625,0.0,1.0,2.0,3.0,10.0,11.0,13.0,19.0
53,ogrid,4,5,10.0,0.33,5.8805223956739106,2.787349747148846,0.0,1.0,2.0,3.0,10.0,11.0,14.0,20.0
54,ogrid,4,5,10.0,0.66,6.007244158759311,2.842182397742149,0.0,1.0,2.0,3.0,10.0,11.0,14.0,21.0
55,ogrid,4,5,10.0,0.95,6.123864911743699,2.889941674333092,0.0,1.0,2.0,3.0,10.0,11.0,14.0,24.0
56,ogrid,4,5,12.5,0.05,3.8822569125599427,2.233765347913072,0.0,0.0,1.0,1.0,7.0,8.0,10.0,20.0
57,ogrid,4,5,12.5,0.33,4.006427915518825,2.3259666614648906,0.0,0.0,1.0,1.0,7.0,8.0,11.0,19.0
58,ogrid,4,5,12.5,0.66,4.077032955820835,2.3671914927927094,0.0,0.0,1.0,1.0,7.0,8.0,11.0,17.0
59,ogrid,4,5,12.5,0.95,4.173757779818386,2.434638703350539,0.0,0.0,1.0,1.0,7.0,9.0,12.0,19.0
60,ogrid,4,5,15.0,0.05,2.5248444036322826,1.7793324351209803,0.0,0.0,0.0,1.0,5.0,6.0,8.0,15.0
61,ogrid,4,5,15.0,0.33,2.64697479848995,1.8417255897448872,0.0,0.0,0.0,1.0,5.0,6.0,8.0,13.0
62,ogrid,4,5,15.0,0.66,2.691766146311601,1.8836102314791616,0.0,0.0,0.0,1.0,5.0,6.0,8.0,15.0
63,ogrid,4,5,15.0,0.95,2.7947148250178553,1.9353642433418774,0.0,0.0,0.0,1.0,5.0,6.0,9.0,14.0
64,ogrid,4,10,7.5,0.05,3.8439955106621775,2.0128266667218395,0.0,0.0,1.0,1.0,7.0,7.0,9.0,14.0
65,ogrid,4,10,7.5,0.33,3.9872461993674113,2.0296598251198734,0.0,0.0,1.0,2.0,7.0,8.0,10.0,14.0
66,ogrid,4,10,7.5,0.66,4.086317722681359,2.0488617390476227,0.0,0.0,1.0,2.0,7.0,8.0,10.0,13.0
67,ogrid,4,10,7.5,0.95,4.168656259565351,2.052126820544244,0.0,0.0,1.0,2.0,7.0,8.0,10.0,14.0
68,ogrid,4,10,10.0,0.05,3.2485460667278847,1.8224568647068322,0.0,0.0,1.0,1.0,6.0,7.0,8.0,11.0
69,ogrid,4,10,10.0,0.33,3.379961228446077,1.8428468521513985,0.0,0.0,1.0,1.0,6.0,7.0,8.0,11.0
70,ogrid,4,10,10.0,0.66,3.4637281910009183,1.8851135871873586,0.0,0.0,1.0,1.0,6.0,7.0,8.0,13.0
71,ogrid,4,10,10.0,0.95,3.5713702683399653,1.8970634570178926,0.0,0.0,1.0,1.0,6.0,7.0,9.0,13.0
72,ogrid,4,10,12.5,0.05,2.6842158963371086,1.6379107351392488,0.0,0.0,0.0,1.0,5.0,6.0,7.0,11.0
73,ogrid,4,10,12.5,0.33,2.7635955514743396,1.6898374315668903,0.0,0.0,0.0,1.0,5.0,6.0,7.0,11.0
74,ogrid,4,10,12.5,0.66,2.858483828180798,1.7078390796488994,0.0,0.0,0.0,1.0,5.0,6.0,8.0,12.0
75,ogrid,4,10,12.5,0.95,2.956943169064381,1.7267655353564964,0.0,0.0,0.0,1.0,5.0,6.0,8.0,12.0
76,ogrid,4,10,15.0,0.05,2.123354759718396,1.4617478840040137,0.0,0.0,0.0,0.0,4.0,5.0,6.0,10.0
77,ogrid,4,10,15.0,0.33,2.230996837057443,1.4857422981811572,0.0,0.0,0.0,0.0,4.0,5.0,6.0,10.0
78,ogrid,4,10,15.0,0.66,2.3129272523211917,1.5160688171767007,0.0,0.0,0.0,1.0,4.0,5.0,7.0,11.0
79,ogrid,4,10,15.0,0.95,2.3427201305989183,1.547130637997757,0.0,0.0,0.0,1.0,4.0,5.0,7.0,10.0
80,ogrid,4,15,7.5,0.05,2.1364146515661666,1.4432294675045565,0.0,0.0,0.0,0.0,4.0,5.0,6.0,10.0
81,ogrid,4,15,7.5,0.33,2.242424242424242,1.5102276896968447,0.0,0.0,0.0,0.0,4.0,5.0,6.0,12.0
82,ogrid,4,15,7.5,0.66,2.332313029282726,1.5349101055441112,0.0,0.0,0.0,1.0,4.0,5.0,6.0,10.0
83,ogrid,4,15,7.5,0.95,2.399959187837976,1.5300333123537093,0.0,0.0,0.0,1.0,4.0,5.0,6.0,10.0
84,ogrid,4,15,10.0,0.05,1.9464340373431281,1.4058515268040643,0.0,0.0,0.0,0.0,4.0,4.0,6.0,8.0
85,ogrid,4,15,10.0,0.33,2.0032649729619427,1.4087159821562083,0.0,0.0,0.0,0.0,4.0,5.0,6.0,9.0
86,ogrid,4,15,10.0,0.66,2.097541067238037,1.4519038421438248,0.0,0.0,0.0,0.0,4.0,5.0,6.0,9.0
87,ogrid,4,15,10.0,0.95,2.1736557494133253,1.4757308854291216,0.0,0.0,0.0,0.0,4.0,5.0,6.0,10.0
88,ogrid,4,15,12.5,0.05,1.7230894806652381,1.3173384372134322,0.0,0.0,0.0,0.0,3.0,4.0,5.0,9.0
89,ogrid,4,15,12.5,0.33,1.8162432404856648,1.347796293624794,0.0,0.0,0.0,0.0,4.0,4.0,6.0,8.0
90,ogrid,4,15,12.5,0.66,1.8742985409652075,1.3556871107816395,0.0,0.0,0.0,0.0,4.0,4.0,6.0,10.0
91,ogrid,4,15,12.5,0.95,1.9401081522293644,1.3874774641172316,0.0,0.0,0.0,0.0,4.0,4.0,6.0,9.0
92,ogrid,4,15,15.0,0.05,1.5215794306703398,1.239657177778533,0.0,0.0,0.0,0.0,3.0,4.0,5.0,8.0
93,ogrid,4,15,15.0,0.33,1.581675339251097,1.2615700184414715,0.0,0.0,0.0,0.0,3.0,4.0,5.0,8.0
94,ogrid,4,15,15.0,0.66,1.6588103254769921,1.288148584471313,0.0,0.0,0.0,0.0,3.0,4.0,5.0,8.0
95,ogrid,4,15,15.0,0.95,1.723497602285481,1.3107468055524132,0.0,0.0,0.0,0.0,3.0,4.0,5.0,9.0
96,ogrid,16,1,7.5,0.05,105.13233343536373,49.535849276951446,5.0,17.0,30.0,42.0,177.0,202.0,233.0,285.0
97,ogrid,16,1,7.5,0.33,105.47903275176003,49.117625790261535,6.0,18.0,30.0,43.0,177.0,201.0,232.0,269.0
98,ogrid,16,1,7.5,0.66,105.87980818283849,48.79309047810132,7.0,19.0,32.0,44.0,177.0,202.0,232.0,266.0
99,ogrid,16,1,7.5,0.95,106.5359657177839,48.89092738475328,7.0,19.0,33.0,45.0,178.0,203.0,235.0,285.0
100,ogrid,16,1,10.0,0.05,73.70176512600754,41.81068011992799,19.0,28.0,35.0,39.0,138.0,171.0,209.0,255.0
101,ogrid,16,1,10.0,0.33,74.20548923579227,42.3819439744266,19.0,29.0,35.0,39.0,139.0,173.0,214.0,264.0
102,ogrid,16,1,10.0,0.66,74.78910315273951,42.38653576386604,22.0,31.0,36.0,40.0,140.0,172.0,216.0,259.0
103,ogrid,16,1,10.0,0.95,75.31843689419448,42.9337599083601,21.0,31.0,36.0,40.0,141.0,175.0,218.0,285.0
104,ogrid,16,1,12.5,0.05,46.31272319151107,37.876566269420486,6.0,15.0,18.0,20.0,98.0,137.0,194.0,237.0
105,ogrid,16,1,12.5,0.33,46.63626160595857,37.848996058886016,8.0,15.0,19.0,21.0,98.0,137.0,194.0,242.0
106,ogrid,16,1,12.5,0.66,47.04938271604938,37.67355593152043,8.0,16.0,19.0,21.0,99.0,136.0,193.0,234.0
107,ogrid,16,1,12.5,0.95,47.41669217426793,37.66420597746752,8.0,16.0,19.0,22.0,100.0,137.0,192.0,245.0
108,ogrid,16,1,15.0,0.05,35.390980512192634,36.447377990454555,4.0,8.0,10.0,12.0,81.0,122.0,185.0,241.0
109,ogrid,16,1,15.0,0.33,35.642281399857154,36.59373864262715,3.0,8.0,11.0,12.0,81.0,122.0,185.0,253.0
110,ogrid,16,1,15.0,0.66,35.98306295275992,36.61485220709974,2.0,8.0,11.0,12.0,82.0,123.0,185.0,246.0
111,ogrid,16,1,15.0,0.95,36.325374961738596,36.89847334089844,2.0,8.0,11.0,13.0,82.0,123.0,188.0,263.0
112,ogrid,16,2,7.5,0.05,82.363024181206,24.0750458327735,12.0,26.0,40.0,48.0,112.0,118.0,127.0,150.0
113,ogrid,16,2,7.5,0.33,82.87572696663605,23.418948782337004,17.0,29.0,42.0,50.0,112.0,117.0,126.0,151.0
114,ogrid,16,2,7.5,0.66,83.53331292725233,23.02459475006408,14.0,30.0,43.0,51.0,112.0,118.0,128.0,151.0
115,ogrid,16,2,7.5,0.95,84.17069686766656,22.652688897081777,13.0,30.0,44.0,53.0,112.0,117.0,127.0,148.0
116,ogrid,16,2,10.0,0.05,62.0462197734925,11.126619399602314,27.0,37.0,44.0,48.0,76.0,81.0,89.0,109.0
117,ogrid,16,2,10.0,0.33,62.6426895214774,11.226820370591515,28.0,38.0,44.0,49.0,77.0,82.0,91.0,110.0
118,ogrid,16,2,10.0,0.66,63.214978063462915,11.12814140783466,29.0,39.0,46.0,49.0,78.0,82.0,91.0,109.0
119,ogrid,16,2,10.0,0.95,63.9942862973166,11.190376949644739,30.0,40.0,46.0,50.0,79.0,84.0,93.0,108.0
120,ogrid,16,2,12.5,0.05,43.47893072135496,10.440408629609532,16.0,25.0,29.0,31.0,58.0,63.0,73.0,90.0
121,ogrid,16,2,12.5,0.33,43.86950311192735,10.274440897169496,15.0,26.0,30.0,32.0,58.0,63.0,72.0,90.0
122,ogrid,16,2,12.5,0.66,44.465870829507196,10.399012386063227,18.0,26.0,30.0,33.0,59.0,65.0,74.0,87.0
123,ogrid,16,2,12.5,0.95,45.02163044587287,10.368505631195251,19.0,27.0,31.0,33.0,59.0,65.0,74.0,91.0
124,ogrid,16,2,15.0,0.05,32.63911845730028,11.124851751623916,10.0,15.0,19.0,21.0,49.0,55.0,65.0,90.0
125,ogrid,16,2,15.0,0.33,32.95449443934292,10.947704317596571,10.0,16.0,20.0,21.0,49.0,55.0,66.0,83.0
126,ogrid,16,2,15.0,0.66,33.40332619120498,10.976720092913935,11.0,16.0,20.0,22.0,49.0,56.0,66.0,84.0
127,ogrid,16,2,15.0,0.95,33.82114069992858,11.026673930533475,9.0,17.0,20.0,22.0,50.0,56.0,67.0,88.0
128,ogrid,16,3,7.5,0.05,66.07468625650444,18.243792608556756,17.0,27.0,36.0,42.0,90.0,95.0,104.0,119.0
129,ogrid,16,3,7.5,0.33,66.63432302826243,17.59839310351556,19.0,30.0,38.0,43.0,90.0,95.0,104.0,129.0
130,ogrid,16,3,7.5,0.66,67.30129578614427,17.168613128669236,20.0,30.0,40.0,45.0,90.0,95.0,104.0,120.0
131,ogrid,16,3,7.5,0.95,68.05397408427712,16.990993273919745,19.0,31.0,40.0,46.0,91.0,96.0,105.0,124.0
132,ogrid,16,3,10.0,0.05,52.07182940516274,9.301848114155543,22.0,31.0,37.0,40.0,64.0,68.0,74.0,85.0
133,ogrid,16,3,10.0,0.33,52.631976328946024,8.912443187413391,19.0,33.0,38.0,41.0,64.0,67.0,74.0,90.0
134,ogrid,16,3,10.0,0.66,53.30558106315682,8.659563526938202,21.0,34.0,39.0,42.0,64.0,68.0,74.0,86.0
135,ogrid,16,3,10.0,0.95,53.85491276400367,8.54135636113794,27.0,35.0,40.0,43.0,65.0,68.0,74.0,86.0
136,ogrid,16,3,12.5,0.05,38.89062340577492,6.840008075097597,16.0,24.0,28.0,30.0,48.0,51.0,56.0,65.0
137,ogrid,16,3,12.5,0.33,39.41669217426793,6.788045852022755,19.0,25.0,29.0,31.0,48.0,51.0,56.0,67.0
138,ogrid,16,3,12.5,0.66,40.07917559432711,6.715193448637761,16.0,25.0,29.0,32.0,49.0,51.0,56.0,65.0
139,ogrid,16,3,12.5,0.95,40.61810019385777,6.6401181592667875,18.0,26.0,30.0,32.0,49.0,52.0,57.0,68.0
140,ogrid,16,3,15.0,0.05,29.66411590654015,6.048407501077024,11.0,17.0,20.0,22.0,37.0,40.0,45.0,55.0
141,ogrid,16,3,15.0,0.33,30.101724313845526,6.117573850077456,12.0,17.0,21.0,23.0,38.0,41.0,46.0,56.0
142,ogrid,16,3,15.0,0.66,30.55208652178349,6.109179591496554,13.0,18.0,21.0,23.0,39.0,41.0,46.0,59.0
143,ogrid,16,3,15.0,0.95,31.106009590858076,6.190797400607756,11.0,18.0,22.0,23.0,39.0,42.0,47.0,59.0
144,ogrid,16,5,7.5,0.05,44.47270686664626,10.998218725310254,11.0,22.0,27.0,30.0,59.0,63.0,70.0,85.0
145,ogrid,16,5,7.5,0.33,45.023569023569024,10.569082027505894,15.0,23.0,28.0,32.0,59.0,63.0,71.0,83.0
146,ogrid,16,5,7.5,0.66,45.86736047342108,10.31148182089576,17.0,25.0,29.0,33.0,59.0,63.0,71.0,87.0
147,ogrid,16,5,7.5,0.95,46.437404346495256,9.98320111059104,18.0,25.0,31.0,34.0,60.0,64.0,70.0,85.0
148,ogrid,16,5,10.0,0.05,37.29813284358739,7.467542636255054,14.0,21.0,25.0,28.0,47.0,50.0,55.0,68.0
149,ogrid,16,5,10.0,0.33,37.78155290276502,7.203793006940879,13.0,22.0,26.0,29.0,47.0,50.0,55.0,68.0
150,ogrid,16,5,10.0,0.66,38.29354147535966,7.0116616984151605,16.0,23.0,27.0,30.0,48.0,50.0,55.0,69.0
151,ogrid,16,5,10.0,0.95,38.960412202836444,6.975715743574973,18.0,24.0,28.0,30.0,48.0,51.0,56.0,75.0
152,ogrid,16,5,12.5,0.05,29.988062442607898,5.8528150200908104,10.0,17.0,21.0,23.0,38.0,40.0,44.0,52.0
153,ogrid,16,5,12.5,0.33,30.5302520151005,5.827514963313292,10.0,18.0,21.0,23.0,38.0,40.0,45.0,56.0
154,ogrid,16,5,12.5,0.66,31.139373533312927,5.775107242487172,11.0,19.0,22.0,24.0,39.0,41.0,45.0,54.0
155,ogrid,16,5,12.5,0.95,31.73359861238649,5.716684724029279,13.0,19.0,23.0,24.0,39.0,41.0,46.0,57.0
156,ogrid,16,5,15.0,0.05,24.05213753698602,5.017959356381406,7.0,13.0,16.0,18.0,30.0,32.0,37.0,45.0
157,ogrid,16,5,15.0,0.33,24.617590041832464,5.079278917994341,9.0,14.0,17.0,18.0,31.0,33.0,37.0,49.0
158,ogrid,16,5,15.0,0.66,24.909805121926333,5.105541219153334,4.0,14.0,17.0,18.0,32.0,34.0,37.0,48.0
159,ogrid,16,5,15.0,0.95,25.460259157228855,5.165486806462095,10.0,14.0,17.0,19.0,32.0,34.0,38.0,50.0
160,ogrid,16,10,7.5,0.05,19.83154780124477,4.909661244458599,5.0,10.0,12.0,14.0,26.0,28.0,32.0,40.0
161,ogrid,16,10,7.5,0.33,20.33690439751046,4.817298075353386,5.0,10.0,13.0,14.0,27.0,29.0,33.0,44.0
162,ogrid,16,10,7.5,0.66,20.836241199877563,4.713592472533354,6.0,11.0,13.0,15.0,27.0,29.0,33.0,48.0
163,ogrid,16,10,7.5,0.95,21.361799816345272,4.749871067810617,7.0,11.0,14.0,15.0,28.0,30.0,33.0,41.0
164,ogrid,16,10,10.0,0.05,17.919089888786857,4.465295879020337,4.0,8.0,11.0,12.0,24.0,26.0,29.0,38.0
165,ogrid,16,10,10.0,0.33,18.431282522191612,4.400007058396265,5.0,9.0,12.0,13.0,24.0,26.0,29.0,38.0
166,ogrid,16,10,10.0,0.66,18.96112641567187,4.421684020716587,4.0,10.0,12.0,13.0,25.0,27.0,30.0,40.0
167,ogrid,16,10,10.0,0.95,19.349250076522804,4.374629775616805,6.0,10.0,13.0,14.0,25.0,27.0,30.0,38.0
168,ogrid,16,10,12.5,0.05,15.98408325681053,4.120042379399315,3.0,7.0,10.0,11.0,21.0,23.0,26.0,35.0
169,ogrid,16,10,12.5,0.33,16.395877971635546,4.162596646658989,4.0,8.0,10.0,11.0,22.0,24.0,27.0,33.0
170,ogrid,16,10,12.5,0.66,16.915926946229977,4.159393392417676,4.0,8.0,10.0,12.0,22.0,24.0,27.0,37.0
171,ogrid,16,10,12.5,0.95,17.30272421181512,4.200062885040717,4.0,8.0,11.0,12.0,23.0,25.0,28.0,33.0
172,ogrid,16,10,15.0,0.05,14.114376084073054,3.8366660750908856,3.0,6.0,8.0,9.0,19.0,21.0,24.0,33.0
173,ogrid,16,10,15.0,0.33,14.44536271808999,3.8857391381412105,2.0,6.0,8.0,10.0,20.0,21.0,24.0,32.0
174,ogrid,16,10,15.0,0.66,14.912049790837669,3.9390855476246207,3.0,7.0,9.0,10.0,20.0,22.0,25.0,33.0
175,ogrid,16,10,15.0,0.95,15.190082644628099,3.8917984135422037,3.0,7.0,9.0,10.0,20.0,22.0,25.0,32.0
176,ogrid,16,15,7.5,0.05,10.567084991327416,3.314426662552493,0.0,4.0,5.0,6.0,15.0,16.0,19.0,25.0
177,ogrid,16,15,7.5,0.33,10.969594939291909,3.3490742399441644,1.0,4.0,6.0,7.0,15.0,17.0,19.0,28.0
178,ogrid,16,15,7.5,0.66,11.392408937863483,3.402178479861615,1.0,4.0,6.0,7.0,16.0,17.0,20.0,25.0
179,ogrid,16,15,7.5,0.95,11.730843791449852,3.424495177374277,1.0,5.0,6.0,7.0,16.0,18.0,20.0,26.0
180,ogrid,16,15,10.0,0.05,10.028466483011938,3.231582267522223,0.0,3.0,5.0,6.0,14.0,16.0,18.0,25.0
181,ogrid,16,15,10.0,0.33,10.356494235282113,3.272328338666152,0.0,4.0,5.0,6.0,15.0,16.0,19.0,24.0
182,ogrid,16,15,10.0,0.66,10.744515865727987,3.282506087184782,1.0,4.0,6.0,7.0,15.0,16.0,19.0,29.0
183,ogrid,16,15,10.0,0.95,11.057749209264362,3.348013494980388,1.0,4.0,6.0,7.0,15.0,17.0,19.0,25.0
184,ogrid,16,15,12.5,0.05,9.28517498214468,3.079664234168288,0.0,3.0,5.0,6.0,13.0,15.0,17.0,24.0
185,ogrid,16,15,12.5,0.33,9.695031119273544,3.131369305711648,0.0,3.0,5.0,6.0,14.0,15.0,17.0,24.0
186,ogrid,16,15,12.5,0.66,9.977961432506888,3.160167475072358,1.0,3.0,5.0,6.0,14.0,15.0,18.0,25.0
187,ogrid,16,15,12.5,0.95,10.373533312927252,3.241676721493701,1.0,4.0,5.0,6.0,15.0,16.0,19.0,25.0
188,ogrid,16,15,15.0,0.05,8.562697683909805,2.919379293438416,0.0,3.0,4.0,5.0,12.0,14.0,16.0,21.0
189,ogrid,16,15,15.0,0.33,8.932455871849811,3.012697778066292,0.0,3.0,4.0,5.0,13.0,14.0,17.0,23.0
190,ogrid,16,15,15.0,0.66,9.277930823385368,3.1048230504465226,0.0,3.0,5.0,5.0,13.0,15.0,17.0,23.0
191,ogrid,16,15,15.0,0.95,9.583817977757372,3.0763735849813854,0.0,3.0,5.0,6.0,14.0,15.0,18.0,24.0
192,ogrid,36,1,7.5,0.05,253.23926129986737,101.10015779996598,16.0,43.0,77.0,98.0,363.0,380.0,406.0,473.0
193,ogrid,36,1,7.5,0.33,254.22865013774106,99.97715512703545,24.0,48.0,80.0,102.0,363.0,380.0,407.0,461.0
194,ogrid,36,1,7.5,0.66,255.3988368533823,98.76959816541209,19.0,49.0,82.0,104.0,364.0,378.0,408.0,455.0
195,ogrid,36,1,7.5,0.95,256.7459442913988,98.46028774360438,20.0,51.0,86.0,107.0,365.0,380.0,406.0,456.0
196,ogrid,36,1,10.0,0.05,196.9709213345577,37.11537054645924,86.0,123.0,144.0,155.0,251.0,268.0,294.0,352.0
197,ogrid,36,1,10.0,0.33,197.9732680338741,37.19903886696187,94.0,123.0,146.0,156.0,253.0,269.0,295.0,328.0
198,ogrid,36,1,10.0,0.66,199.3033363942455,37.1945241584665,100.0,130.0,147.0,157.0,254.0,272.0,297.0,343.0
199,ogrid,36,1,10.0,0.95,200.64707682889502,37.282564520946785,110.0,133.0,149.0,159.0,255.0,273.0,298.0,362.0
200,ogrid,36,1,12.5,0.05,136.06172839506172,39.73122850800526,63.0,84.0,92.0,97.0,199.0,222.0,251.0,284.0
201,ogrid,36,1,12.5,0.33,136.83164983164983,39.47304699228888,71.0,85.0,94.0,99.0,199.0,221.0,251.0,300.0
202,ogrid,36,1,12.5,0.66,138.07489031731455,39.38936392815885,68.0,87.0,95.0,100.0,201.0,223.0,254.0,298.0
203,ogrid,36,1,12.5,0.95,139.0810121416182,39.15585354563232,70.0,87.0,96.0,101.0,201.0,223.0,254.0,302.0
204,ogrid,36,1,15.0,0.05,100.77757371696765,44.07024648111157,41.0,51.0,58.0,62.0,173.0,198.0,229.0,280.0
205,ogrid,36,1,15.0,0.33,101.56116722783389,44.35130228655648,39.0,51.0,58.0,62.0,176.0,200.0,229.0,263.0
206,ogrid,36,1,15.0,0.66,102.34129170492807,44.62690437101962,42.0,52.0,58.0,62.0,176.0,202.0,231.0,267.0
207,ogrid,36,1,15.0,0.95,103.35241301907969,44.91979357538079,41.0,52.0,59.0,63.0,178.0,203.0,233.0,275.0
208,ogrid,36,2,7.5,0.05,201.0371390674421,67.93077050053077,35.0,64.0,91.0,108.0,288.0,299.0,319.0,363.0
209,ogrid,36,2,7.5,0.33,202.17753290480564,66.30958016505392,49.0,69.0,95.0,113.0,287.0,300.0,319.0,345.0
210,ogrid,36,2,7.5,0.66,203.9363330272421,65.3666702425245,44.0,71.0,99.0,116.0,289.0,301.0,318.0,349.0
211,ogrid,36,2,7.5,0.95,205.3055810631568,64.48591315220362,48.0,74.0,101.0,119.0,288.0,300.0,321.0,372.0
212,ogrid,36,2,10.0,0.05,160.86123864911744,23.393501689357024,75.0,104.0,120.0,129.0,190.0,197.0,208.0,242.0
213,ogrid,36,2,10.0,0.33,162.12406897255383,22.21132223984465,86.0,109.0,124.0,132.0,190.0,196.0,207.0,232.0
214,ogrid,36,2,10.0,0.66,163.50617283950618,21.29170706568074,83.0,113.0,127.0,135.0,190.0,197.0,209.0,235.0
215,ogrid,36,2,10.0,0.95,165.1641669217427,20.662960792729017,90.0,117.0,130.0,137.0,191.0,197.0,210.0,232.0
216,ogrid,36,2,12.5,0.05,119.09407203346598,12.57503655222851,79.0,91.0,99.0,103.0,135.0,140.0,149.0,170.0
217,ogrid,36,2,12.5,0.33,120.1194776043261,12.096654802675564,76.0,94.0,100.0,105.0,136.0,140.0,150.0,166.0
218,ogrid,36,2,12.5,0.66,121.69921436588103,11.84001817566266,82.0,96.0,103.0,107.0,137.0,142.0,151.0,166.0
219,ogrid,36,2,12.5,0.95,122.9875522905826,11.923644440486033,84.0,96.0,104.0,108.0,138.0,143.0,152.0,169.0
220,ogrid,36,2,15.0,0.05,88.8579736761555,10.843905036324019,52.0,65.0,72.0,75.0,103.0,107.0,115.0,144.0
221,ogrid,36,2,15.0,0.33,89.83389450056117,10.830212308527578,55.0,66.0,73.0,76.0,104.0,109.0,117.0,135.0
222,ogrid,36,2,15.0,0.66,90.95928986838078,11.136521708754609,56.0,67.0,73.0,77.0,106.0,110.0,119.0,139.0
223,ogrid,36,2,15.0,0.95,92.04407713498622,11.516573360196524,51.0,68.0,74.0,78.0,107.0,112.0,121.0,145.0
224,ogrid,36,3,7.5,0.05,161.75920824405674,48.906474560104726,46.0,65.0,84.0,98.0,228.0,239.0,255.0,282.0
225,ogrid,36,3,7.5,0.33,163.01530456075912,47.34946903145856,53.0,70.0,89.0,102.0,227.0,239.0,255.0,286.0
226,ogrid,36,3,7.5,0.66,164.7161514131211,45.877582872983325,49.0,74.0,92.0,106.0,228.0,239.0,254.0,290.0
227,ogrid,36,3,7.5,0.95,166.3030303030303,45.46715201164233,53.0,76.0,94.0,107.0,229.0,239.0,257.0,292.0
228,ogrid,36,3,10.0,0.05,132.61054994388329,22.168190670367665,62.0,83.0,96.0,103.0,161.0,167.0,178.0,201.0
229,ogrid,36,3,10.0,0.33,133.9566370778492,20.880282136494,65.0,88.0,99.0,107.0,161.0,168.0,179.0,205.0
230,ogrid,36,3,10.0,0.66,135.65993265993265,19.59506807186705,67.0,91.0,103.0,110.0,161.0,167.0,179.0,202.0
231,ogrid,36,3,10.0,0.95,137.06785021936537,19.03212552019773,65.0,93.0,106.0,112.0,161.0,167.0,180.0,203.0
232,ogrid,36,3,12.5,0.05,102.91204979083767,12.322529318082003,62.0,74.0,83.0,87.0,119.0,123.0,132.0,150.0
233,ogrid,36,3,12.5,0.33,104.25487195184165,11.732710568421464,63.0,78.0,85.0,89.0,119.0,124.0,133.0,154.0
234,ogrid,36,3,12.5,0.66,105.71482501785532,11.328398500356972,69.0,81.0,87.0,91.0,120.0,125.0,133.0,147.0
235,ogrid,36,3,12.5,0.95,107.12172227323742,11.188006578825325,67.0,82.0,89.0,93.0,122.0,126.0,134.0,149.0
236,ogrid,36,3,15.0,0.05,79.43617998163452,9.21507977134086,45.0,59.0,65.0,68.0,91.0,95.0,101.0,114.0
237,ogrid,36,3,15.0,0.33,80.40312213039486,9.40123679015988,44.0,60.0,65.0,69.0,93.0,96.0,103.0,120.0
238,ogrid,36,3,15.0,0.66,81.68339965309663,9.39711355694275,50.0,61.0,67.0,70.0,94.0,97.0,104.0,122.0
239,ogrid,36,3,15.0,0.95,83.1334557698194,9.371535355326724,54.0,63.0,68.0,71.0,95.0,99.0,106.0,120.0
240,ogrid,36,5,7.5,0.05,108.4092439546985,25.848533246641377,33.0,56.0,68.0,75.0,143.0,151.0,164.0,192.0
241,ogrid,36,5,7.5,0.33,109.805019895929,24.77780123496631,42.0,61.0,71.0,78.0,144.0,151.0,164.0,186.0
242,ogrid,36,5,7.5,0.66,111.44709723497603,23.621913090927514,50.0,65.0,74.0,81.0,144.0,152.0,165.0,189.0
243,ogrid,36,5,7.5,0.95,112.9846954392409,23.22128790242589,51.0,66.0,76.0,83.0,145.0,153.0,165.0,189.0
244,ogrid,36,5,10.0,0.05,92.74900520355065,16.01175644757148,45.0,58.0,66.0,72.0,114.0,119.0,129.0,155.0
245,ogrid,36,5,10.0,0.33,94.02142638506275,15.108536688750927,44.0,61.0,70.0,74.0,114.0,119.0,128.0,148.0
246,ogrid,36,5,10.0,0.66,95.65544332210999,14.183096693711052,48.0,65.0,73.0,77.0,114.0,120.0,128.0,148.0
247,ogrid,36,5,10.0,0.95,97.031935516784,13.733277033917362,46.0,67.0,75.0,79.0,115.0,120.0,129.0,146.0
248,ogrid,36,5,12.5,0.05,76.86797265585145,10.7042933152882,41.0,53.0,60.0,63.0,91.0,95.0,102.0,117.0
249,ogrid,36,5,12.5,0.33,78.09754106723804,10.153001302039332,46.0,56.0,62.0,65.0,91.0,95.0,103.0,119.0
250,ogrid,36,5,12.5,0.66,79.39904091419243,9.874058229226266,47.0,57.0,63.0,67.0,92.0,96.0,103.0,120.0
251,ogrid,36,5,12.5,0.95,80.73686358534843,9.641753417138593,45.0,59.0,65.0,68.0,93.0,97.0,104.0,119.0
252,ogrid,36,5,15.0,0.05,62.857871645750436,8.495297889795069,30.0,44.0,49.0,52.0,74.0,77.0,83.0,99.0
253,ogrid,36,5,15.0,0.33,63.73625140291807,8.47125660923999,35.0,45.0,50.0,53.0,75.0,78.0,84.0,98.0
254,ogrid,36,5,15.0,0.66,65.01254973982246,8.319317606781585,34.0,47.0,52.0,55.0,76.0,79.0,85.0,97.0
255,ogrid,36,5,15.0,0.95,66.34333231302928,8.316522295048454,37.0,48.0,53.0,56.0,77.0,80.0,87.0,102.0
256,ogrid,36,10,7.5,0.05,47.57534945413733,8.558212200249269,20.0,29.0,34.0,37.0,59.0,62.0,69.0,81.0
257,ogrid,36,10,7.5,0.33,48.58983777165595,7.935763607266214,21.0,31.0,36.0,39.0,59.0,62.0,68.0,86.0
258,ogrid,36,10,7.5,0.66,49.96816651362106,7.728916890852726,23.0,33.0,38.0,40.0,60.0,63.0,69.0,79.0
259,ogrid,36,10,7.5,0.95,51.18824609733701,7.6630904606205466,24.0,35.0,39.0,41.0,61.0,64.0,70.0,80.0
260,ogrid,36,10,10.0,0.05,43.5188246097337,7.586354721966521,17.0,27.0,31.0,34.0,53.0,56.0,62.0,84.0
261,ogrid,36,10,10.0,0.33,44.63820018365473,7.28399140217704,22.0,29.0,33.0,35.0,54.0,57.0,63.0,73.0
262,ogrid,36,10,10.0,0.66,45.838179777573714,7.200138257858351,21.0,30.0,34.0,37.0,55.0,58.0,63.0,73.0
263,ogrid,36,10,10.0,0.95,46.96561575349454,6.985733362801234,24.0,31.0,36.0,38.0,56.0,59.0,64.0,79.0
264,ogrid,36,10,12.5,0.05,39.30058157330885,6.81732494941191,14.0,24.0,28.0,31.0,48.0,51.0,56.0,70.0
265,ogrid,36,10,12.5,0.33,40.3954698500153,6.7630253792601085,16.0,26.0,30.0,32.0,49.0,52.0,57.0,78.0
266,ogrid,36,10,12.5,0.66,41.52321191715131,6.590357338171903,19.0,27.0,31.0,33.0,50.0,53.0,58.0,71.0
267,ogrid,36,10,12.5,0.95,42.52178349148046,6.564550017278487,20.0,28.0,32.0,34.0,51.0,54.0,59.0,69.0
268,ogrid,36,10,15.0,0.05,35.088460361187636,6.195092904137421,14.0,22.0,25.0,27.0,43.0,46.0,50.0,59.0
269,ogrid,36,10,15.0,0.33,35.9548005305581,6.115834026334709,13.0,22.0,26.0,28.0,44.0,46.0,51.0,62.0
270,ogrid,36,10,15.0,0.66,37.229670441791654,6.146628666051279,15.0,24.0,28.0,30.0,45.0,48.0,52.0,61.0
271,ogrid,36,10,15.0,0.95,37.89541883481277,6.282713015812972,16.0,24.0,28.0,30.0,46.0,48.0,54.0,71.0
272,ogrid,36,15,7.5,0.05,25.12059993878176,5.208512677633223,7.0,14.0,17.0,19.0,32.0,34.0,38.0,46.0
273,ogrid,36,15,7.5,0.33,26.107131925313745,5.27425102289481,11.0,15.0,18.0,20.0,33.0,35.0,39.0,49.0
274,ogrid,36,15,7.5,0.66,27.060095908580756,5.2653844485920445,10.0,15.0,19.0,20.0,34.0,36.0,40.0,48.0
275,ogrid,36,15,7.5,0.95,27.940618304254667,5.275662326540897,11.0,16.0,20.0,21.0,35.0,37.0,41.0,51.0
276,ogrid,36,15,10.0,0.05,24.03754718906234,5.073384365384629,7.0,13.0,16.0,18.0,31.0,33.0,36.0,43.0
277,ogrid,36,15,10.0,0.33,24.79206203448628,5.041934368467056,8.0,14.0,17.0,19.0,31.0,33.0,37.0,46.0
278,ogrid,36,15,10.0,0.66,25.830935618814408,5.20166577512199,9.0,14.0,18.0,19.0,33.0,35.0,39.0,51.0
279,ogrid,36,15,10.0,0.95,26.535455565758596,5.1769418959686195,8.0,15.0,18.0,20.0,33.0,35.0,39.0,44.0
280,ogrid,36,15,12.5,0.05,22.44995408631772,4.826757952850807,6.0,12.0,15.0,16.0,29.0,31.0,34.0,44.0
281,ogrid,36,15,12.5,0.33,23.358738904193448,4.8774249305293536,6.0,13.0,16.0,17.0,30.0,32.0,35.0,42.0
282,ogrid,36,15,12.5,0.66,24.28364452606877,4.943652170999767,9.0,14.0,16.0,18.0,31.0,33.0,37.0,47.0
283,ogrid,36,15,12.5,0.95,25.040914192429344,4.985813906787392,8.0,14.0,17.0,19.0,31.0,33.0,37.0,51.0
284,ogrid,36,15,15.0,0.05,20.950005101520254,4.610593889362383,5.0,11.0,14.0,15.0,27.0,29.0,32.0,40.0
285,ogrid,36,15,15.0,0.33,21.794204672992553,4.737469694117953,6.0,12.0,14.0,16.0,28.0,30.0,33.0,40.0
286,ogrid,36,15,15.0,0.66,22.609937761452912,4.8454514086238465,7.0,12.0,15.0,17.0,29.0,31.0,35.0,42.0
287,ogrid,36,15,15.0,0.95,23.430058157330883,4.932420609679778,7.0,13.0,16.0,17.0,30.0,32.0,36.0,43.0
288,ogrid,49,1,7.5,0.05,354.0805019895929,143.78331835392683,41.0,75.0,109.0,136.0,514.0,530.0,555.0,613.0
289,ogrid,49,1,7.5,0.33,355.16161616161617,141.81234340049792,45.0,79.0,117.0,141.0,514.0,530.0,553.0,608.0
290,ogrid,49,1,7.5,0.66,356.7599224568921,140.87003843093106,45.0,81.0,120.0,144.0,515.0,529.0,557.0,608.0
291,ogrid,49,1,7.5,0.95,358.65707580859095,140.2405510002796,41.0,84.0,123.0,148.0,516.0,531.0,555.0,609.0
292,ogrid,49,1,10.0,0.05,279.6909499030711,37.32245579112694,147.0,186.0,217.0,233.0,328.0,342.0,367.0,402.0
293,ogrid,49,1,10.0,0.33,281.5383124171003,36.473738847512145,158.0,193.0,220.0,236.0,329.0,344.0,369.0,415.0
294,ogrid,49,1,10.0,0.66,283.18610345883076,35.76079787356161,174.0,199.0,224.0,238.0,330.0,344.0,367.0,412.0
295,ogrid,49,1,10.0,0.95,284.8157330884604,35.59644287894354,171.0,204.0,227.0,240.0,332.0,346.0,372.0,406.0
296,ogrid,49,1,12.5,0.05,195.78328741965106,35.32102647115969,124.0,140.0,151.0,158.0,249.0,267.0,291.0,333.0
297,ogrid,49,1,12.5,0.33,197.16120803999593,35.06410717832002,119.0,142.0,152.0,159.0,250.0,267.0,292.0,327.0
298,ogrid,49,1,12.5,0.66,198.7969594939292,35.12559701261453,122.0,143.0,154.0,160.0,253.0,269.0,293.0,323.0
299,ogrid,49,1,12.5,0.95,200.2589531680441,35.36073920379814,122.0,145.0,155.0,162.0,254.0,271.0,295.0,329.0
300,ogrid,49,1,15.0,0.05,139.62575247423732,39.798173690851456,76.0,88.0,96.0,101.0,203.0,225.0,253.0,298.0
301,ogrid,49,1,15.0,0.33,140.626874808693,40.13753073432866,74.0,88.0,97.0,102.0,203.0,227.0,258.0,297.0
302,ogrid,49,1,15.0,0.66,142.0628507295174,41.05280068437821,68.0,89.0,97.0,102.0,206.0,231.0,264.0,310.0
303,ogrid,49,1,15.0,0.95,143.35312723191512,41.29715038350727,69.0,89.0,98.0,104.0,208.0,233.0,265.0,323.0
304,ogrid,49,2,7.5,0.05,281.38669523518007,97.35135562854742,61.0,93.0,128.0,150.0,408.0,424.0,449.0,491.0
305,ogrid,49,2,7.5,0.33,283.2648709315376,95.2967111516283,63.0,100.0,135.0,157.0,409.0,424.0,447.0,500.0
306,ogrid,49,2,7.5,0.66,285.1642689521477,93.62283336751325,73.0,103.0,139.0,161.0,409.0,426.0,448.0,503.0
307,ogrid,49,2,7.5,0.95,287.49250076522804,92.82788697490159,67.0,105.0,141.0,165.0,410.0,426.0,448.0,505.0
308,ogrid,49,2,10.0,0.05,227.41516171819202,33.430790660774655,118.0,148.0,168.0,180.0,268.0,277.0,291.0,323.0
309,ogrid,49,2,10.0,0.33,229.12937455361697,31.806093507893024,126.0,157.0,173.0,185.0,269.0,277.0,291.0,319.0
310,ogrid,49,2,10.0,0.66,231.18834812774207,29.879088908810946,138.0,162.0,180.0,190.0,269.0,277.0,292.0,328.0
311,ogrid,49,2,10.0,0.95,233.52321191715131,28.939210550459617,139.0,166.0,184.0,194.0,270.0,278.0,293.0,317.0
312,ogrid,49,2,12.5,0.05,169.92215080093868,15.552654855683183,111.0,134.0,144.0,150.0,190.0,196.0,206.0,229.0
313,ogrid,49,2,12.5,0.33,171.4411794714825,14.974236760212312,116.0,137.0,147.0,152.0,191.0,196.0,207.0,228.0
314,ogrid,49,2,12.5,0.66,173.30231609019486,14.805645745688262,120.0,141.0,149.0,155.0,193.0,198.0,210.0,227.0
315,ogrid,49,2,12.5,0.95,175.13570043873074,14.633256037833752,124.0,142.0,151.0,157.0,194.0,199.0,210.0,229.0
316,ogrid,49,2,15.0,0.05,126.42260993776145,11.92133840301633,84.0,100.0,107.0,111.0,142.0,146.0,155.0,169.0
317,ogrid,49,2,15.0,0.33,128.00785634118967,12.289789009280684,88.0,100.0,108.0,113.0,144.0,149.0,158.0,178.0
318,ogrid,49,2,15.0,0.66,129.73778185899397,12.50885248977374,92.0,102.0,110.0,114.0,146.0,151.0,161.0,182.0
319,ogrid,49,2,15.0,0.95,131.06458524640342,12.957505982381146,89.0,103.0,111.0,115.0,148.0,153.0,164.0,196.0
320,ogrid,49,3,7.5,0.05,226.42016120803999,69.25222305850973,68.0,92.0,118.0,137.0,320.0,336.0,357.0,392.0
321,ogrid,49,3,7.5,0.33,228.17998163452708,67.25358003396268,77.0,99.0,123.0,142.0,321.0,336.0,357.0,401.0
322,ogrid,49,3,7.5,0.66,230.57198245077032,65.3177079026402,79.0,104.0,128.0,147.0,321.0,336.0,356.0,402.0
323,ogrid,49,3,7.5,0.95,232.83715947352312,64.62943912998848,83.0,108.0,132.0,150.0,323.0,337.0,360.0,391.0
324,ogrid,49,3,10.0,0.05,186.94531170288747,31.027923492045293,95.0,119.0,134.0,145.0,226.0,235.0,248.0,280.0
325,ogrid,49,3,10.0,0.33,188.83297622691563,29.229051882326715,104.0,123.0,139.0,150.0,226.0,235.0,249.0,273.0
326,ogrid,49,3,10.0,0.66,191.00112233445566,27.620360176164006,107.0,130.0,145.0,154.0,227.0,235.0,249.0,277.0
327,ogrid,49,3,10.0,0.95,193.00693806754413,26.433186498328254,107.0,134.0,148.0,158.0,227.0,235.0,248.0,277.0
328,ogrid,49,3,12.5,0.05,146.2606876849301,15.805188824325212,87.0,110.0,120.0,126.0,167.0,172.0,182.0,204.0
329,ogrid,49,3,12.5,0.33,147.95837159473524,14.937898230733296,95.0,114.0,123.0,129.0,167.0,172.0,183.0,204.0
330,ogrid,49,3,12.5,0.66,149.90307111519232,14.32462815198449,99.0,117.0,127.0,131.0,168.0,174.0,184.0,204.0
331,ogrid,49,3,12.5,0.95,151.71921232527293,13.922223623154316,98.0,121.0,129.0,134.0,170.0,175.0,185.0,203.0
332,ogrid,49,3,15.0,0.05,113.14580144883175,11.314658310229213,75.0,87.0,95.0,99.0,128.0,132.0,140.0,156.0
333,ogrid,49,3,15.0,0.33,114.81297826752372,11.32412970594287,70.0,90.0,96.0,101.0,129.0,134.0,142.0,167.0
334,ogrid,49,3,15.0,0.66,116.57912457912458,11.645658153582735,73.0,90.0,98.0,102.0,132.0,136.0,145.0,161.0
335,ogrid,49,3,15.0,0.95,118.08172635445362,11.324216868460187,74.0,93.0,100.0,104.0,133.0,137.0,146.0,167.0
336,ogrid,49,5,7.5,0.05,151.7021732476278,36.26495257683995,60.0,80.0,95.0,105.0,201.0,211.0,227.0,249.0
337,ogrid,49,5,7.5,0.33,153.4848484848485,34.128358031949666,68.0,87.0,100.0,110.0,201.0,211.0,227.0,251.0
338,ogrid,49,5,7.5,0.66,155.92113049688808,32.77342430175119,75.0,91.0,105.0,114.0,202.0,212.0,228.0,252.0
339,ogrid,49,5,7.5,0.95,157.9643913886338,31.814834796854935,67.0,94.0,108.0,117.0,202.0,212.0,228.0,262.0
340,ogrid,49,5,10.0,0.05,130.33486378940924,22.058161557138074,62.0,83.0,94.0,101.0,159.0,166.0,180.0,202.0
341,ogrid,49,5,10.0,0.33,131.90480563207836,20.14826227170989,66.0,89.0,99.0,106.0,159.0,165.0,177.0,200.0
342,ogrid,49,5,10.0,0.66,134.18549127640037,19.15481468204455,80.0,92.0,104.0,110.0,159.0,166.0,179.0,203.0
343,ogrid,49,5,10.0,0.95,136.41485562697684,18.22738733103265,77.0,97.0,107.0,113.0,161.0,167.0,178.0,204.0
344,ogrid,49,5,12.5,0.05,108.25711662075298,13.994657200946113,58.0,77.0,86.0,90.0,126.0,131.0,141.0,156.0
345,ogrid,49,5,12.5,0.33,110.23620038771554,13.177928897586206,69.0,81.0,89.0,93.0,128.0,132.0,141.0,160.0
346,ogrid,49,5,12.5,0.66,112.03050709111315,12.481390609943249,68.0,84.0,92.0,96.0,128.0,133.0,142.0,164.0
347,ogrid,49,5,12.5,0.95,114.01510049994899,12.043648150878779,71.0,87.0,94.0,99.0,130.0,134.0,143.0,162.0
348,ogrid,49,5,15.0,0.05,88.98428731762066,10.620767005792898,49.0,65.0,72.0,75.0,103.0,107.0,114.0,133.0
349,ogrid,49,5,15.0,0.33,90.45168860320375,10.1541097973338,49.0,68.0,74.0,78.0,104.0,108.0,115.0,132.0
350,ogrid,49,5,15.0,0.66,92.37414549535761,10.112594410158518,58.0,70.0,76.0,80.0,105.0,109.0,117.0,135.0
351,ogrid,49,5,15.0,0.95,93.96704417916538,10.008120135828978,61.0,72.0,78.0,81.0,107.0,111.0,119.0,133.0
352,ogrid,49,10,7.5,0.05,66.40179573512907,10.89941456561693,31.0,43.0,49.0,53.0,81.0,85.0,92.0,111.0
353,ogrid,49,10,7.5,0.33,67.85246403428222,10.059950198661433,38.0,46.0,52.0,55.0,81.0,85.0,93.0,107.0
354,ogrid,49,10,7.5,0.66,69.8499132741557,9.4802821509109,37.0,49.0,55.0,58.0,82.0,86.0,93.0,109.0
355,ogrid,49,10,7.5,0.95,71.34292419140904,9.316638791476638,39.0,50.0,56.0,59.0,83.0,87.0,94.0,105.0
356,ogrid,49,10,10.0,0.05,60.96082032445669,9.32281620816798,29.0,41.0,46.0,49.0,73.0,77.0,84.0,109.0
357,ogrid,49,10,10.0,0.33,62.44495459646975,8.95357861664052,34.0,43.0,48.0,51.0,74.0,78.0,84.0,99.0
358,ogrid,49,10,10.0,0.66,64.2095704519947,8.718064389442167,33.0,45.0,50.0,53.0,75.0,79.0,85.0,116.0
359,ogrid,49,10,10.0,0.95,65.68186919702072,8.505710692942271,35.0,47.0,52.0,55.0,77.0,80.0,86.0,97.0
360,ogrid,49,10,12.5,0.05,55.1786552392613,8.306508246223098,27.0,37.0,42.0,45.0,66.0,69.0,76.0,86.0
361,ogrid,49,10,12.5,0.33,56.54065911641669,8.000064070642498,27.0,39.0,44.0,46.0,67.0,70.0,76.0,93.0
362,ogrid,49,10,12.5,0.66,58.14427099275584,7.8390997331119125,32.0,41.0,46.0,48.0,68.0,71.0,77.0,89.0
363,ogrid,49,10,12.5,0.95,59.65676971737578,7.842882269846253,29.0,42.0,47.0,50.0,70.0,73.0,79.0,95.0
364,ogrid,49,10,15.0,0.05,49.23813896541169,7.48672384564148,26.0,33.0,37.0,40.0,59.0,62.0,67.0,82.0
365,ogrid,49,10,15.0,0.33,50.5073972043669,7.4046102947590455,21.0,34.0,39.0,41.0,60.0,63.0,68.0,82.0
366,ogrid,49,10,15.0,0.66,52.156616671768184,7.369076937417895,26.0,36.0,40.0,43.0,62.0,65.0,70.0,90.0
367,ogrid,49,10,15.0,0.95,53.573921028466486,7.3905349990493825,30.0,37.0,42.0,44.0,63.0,66.0,71.0,85.0
368,ogrid,49,15,7.5,0.05,35.217426793184366,6.297440407703359,14.0,21.0,25.0,27.0,43.0,46.0,50.0,59.0
369,ogrid,49,15,7.5,0.33,36.33261912049791,6.168283043873183,16.0,23.0,26.0,29.0,44.0,47.0,51.0,62.0
370,ogrid,49,15,7.5,0.66,37.71319253137435,6.190351806215473,16.0,24.0,28.0,30.0,46.0,48.0,53.0,66.0
371,ogrid,49,15,7.5,0.95,38.9252117130905,6.25780345568313,19.0,25.0,29.0,31.0,47.0,50.0,54.0,68.0
372,ogrid,49,15,10.0,0.05,33.439955106621774,6.027916161130012,13.0,20.0,24.0,26.0,41.0,44.0,48.0,57.0
373,ogrid,49,15,10.0,0.33,34.71288644015917,5.975411837023401,13.0,22.0,25.0,27.0,43.0,45.0,49.0,58.0
374,ogrid,49,15,10.0,0.66,36.06519742883379,6.128136721040553,15.0,22.0,26.0,28.0,44.0,46.0,51.0,63.0
375,ogrid,49,15,10.0,0.95,37.21222324252627,6.163773224476524,16.0,24.0,27.0,29.0,45.0,48.0,52.0,62.0
376,ogrid,49,15,12.5,0.05,31.522497704315885,5.77496301833141,14.0,19.0,22.0,24.0,39.0,41.0,46.0,55.0
377,ogrid,49,15,12.5,0.33,32.73298642995613,5.866454359759985,13.0,20.0,23.0,25.0,40.0,43.0,47.0,58.0
378,ogrid,49,15,12.5,0.66,34.000816243240486,5.965756048232543,12.0,21.0,25.0,27.0,42.0,44.0,49.0,58.0
379,ogrid,49,15,12.5,0.95,35.02703805734109,5.934786872878213,15.0,22.0,26.0,28.0,43.0,45.0,49.0,60.0
380,ogrid,49,15,15.0,0.05,29.453321089684724,5.521464681329931,10.0,17.0,21.0,23.0,37.0,39.0,43.0,55.0
381,ogrid,49,15,15.0,0.33,30.597490052035507,5.627587192025061,11.0,18.0,22.0,24.0,38.0,40.0,45.0,56.0
382,ogrid,49,15,15.0,0.66,31.70727476788083,5.769340906141837,13.0,19.0,23.0,25.0,39.0,42.0,46.0,59.0
383,ogrid,49,15,15.0,0.95,32.77594123048669,5.850778208630187,13.0,20.0,24.0,25.0,40.0,43.0,47.0,60.0
384,ogrid,81,1,7.5,0.05,597.3380267319661,264.2747055617289,62.0,103.0,171.0,211.0,901.0,922.0,955.0,1002.0
385,ogrid,81,1,7.5,0.33,599.273951637588,261.55524610414693,55.0,115.0,182.0,220.0,900.0,923.0,957.0,1020.0
386,ogrid,81,1,7.5,0.66,601.7776757473728,259.3959789709168,60.0,115.0,187.0,225.0,901.0,923.0,955.0,1008.0
387,ogrid,81,1,7.5,0.95,604.8036935006631,258.8680192556766,73.0,119.0,188.0,229.0,902.0,925.0,956.0,1038.0
388,ogrid,81,1,10.0,0.05,487.3405774920926,55.68905095362862,279.0,334.0,380.0,409.0,551.0,563.0,585.0,638.0
389,ogrid,81,1,10.0,0.33,490.01571268237933,52.442776720388935,294.0,351.0,390.0,417.0,550.0,563.0,584.0,622.0
390,ogrid,81,1,10.0,0.66,492.5458626670748,50.04025890161678,313.0,361.0,397.0,423.0,551.0,563.0,584.0,637.0
391,ogrid,81,1,10.0,0.95,495.92113049688805,48.39951458778107,326.0,368.0,404.0,428.0,552.0,564.0,586.0,625.0
392,ogrid,81,1,12.5,0.05,345.06315682073256,29.071517642527514,255.0,286.0,300.0,309.0,385.0,396.0,419.0,464.0
393,ogrid,81,1,12.5,0.33,347.1315171921232,29.30421147125409,241.0,287.0,303.0,311.0,387.0,399.0,418.0,457.0
394,ogrid,81,1,12.5,0.66,349.816753392511,29.446665351196764,257.0,292.0,305.0,314.0,390.0,402.0,424.0,484.0
395,ogrid,81,1,12.5,0.95,352.55055606570755,29.947471612150487,264.0,294.0,308.0,316.0,393.0,406.0,429.0,475.0
396,ogrid,81,1,15.0,0.05,245.4887256402408,32.832408449670325,169.0,190.0,202.0,209.0,295.0,311.0,332.0,376.0
397,ogrid,81,1,15.0,0.33,247.55188246097336,32.16615220373708,169.0,193.0,205.0,211.0,295.0,311.0,334.0,362.0
398,ogrid,81,1,15.0,0.66,249.8867462503826,32.3780663178896,165.0,195.0,207.0,214.0,298.0,313.0,338.0,381.0
399,ogrid,81,1,15.0,0.95,251.93980206101418,32.231110017109344,171.0,197.0,209.0,216.0,298.0,315.0,339.0,383.0
400,ogrid,81,2,7.5,0.05,477.146209570452,176.55796954168144,104.0,143.0,203.0,243.0,712.0,738.0,771.0,825.0
401,ogrid,81,2,7.5,0.33,479.9753086419753,173.1684495208857,109.0,153.0,214.0,255.0,713.0,738.0,773.0,835.0
402,ogrid,81,2,7.5,0.66,483.3929190898888,169.9021402404885,116.0,164.0,218.0,263.0,712.0,739.0,771.0,826.0
403,ogrid,81,2,7.5,0.95,487.1775329048056,168.64395785573637,114.0,168.0,227.0,269.0,716.0,742.0,773.0,830.0
404,ogrid,81,2,10.0,0.05,392.418528721559,61.51602161828799,208.0,244.0,283.0,305.0,467.0,478.0,499.0,535.0
405,ogrid,81,2,10.0,0.33,395.3073155800428,57.814890924733255,210.0,260.0,295.0,315.0,466.0,478.0,498.0,543.0
406,ogrid,81,2,10.0,0.66,398.9986736047342,54.63204031399709,231.0,270.0,305.0,324.0,467.0,478.0,500.0,530.0
407,ogrid,81,2,10.0,0.95,402.7054382205897,53.01198009586709,238.0,277.0,311.0,330.0,469.0,481.0,500.0,552.0
408,ogrid,81,2,12.5,0.05,297.0792776247322,24.0275438849863,210.0,241.0,257.0,266.0,328.0,336.0,350.0,387.0
409,ogrid,81,2,12.5,0.33,299.6282012039588,22.414815484120027,221.0,249.0,262.0,270.0,328.0,336.0,350.0,379.0
410,ogrid,81,2,12.5,0.66,303.1168248137945,21.088067350807787,219.0,254.0,269.0,276.0,330.0,338.0,352.0,381.0
411,ogrid,81,2,12.5,0.95,306.25272931333535,20.522316931690668,239.0,260.0,273.0,280.0,333.0,340.0,354.0,377.0
412,ogrid,81,2,15.0,0.05,222.7149270482604,16.110257746858718,155.0,186.0,196.0,202.0,243.0,249.0,262.0,296.0
413,ogrid,81,2,15.0,0.33,224.99408223650647,16.055884118669116,171.0,189.0,199.0,205.0,246.0,252.0,264.0,288.0
414,ogrid,81,2,15.0,0.66,227.9028670543822,16.45398901972825,175.0,193.0,202.0,207.0,249.0,256.0,270.0,300.0
415,ogrid,81,2,15.0,0.95,230.68095092337518,16.723488487478832,167.0,195.0,204.0,210.0,252.0,259.0,274.0,302.0
416,ogrid,81,3,7.5,0.05,383.9307213549638,122.60634852353971,109.0,152.0,193.0,225.0,554.0,578.0,608.0,651.0
417,ogrid,81,3,7.5,0.33,386.91460055096417,119.1608526200152,129.0,165.0,203.0,235.0,554.0,578.0,611.0,664.0
418,ogrid,81,3,7.5,0.66,390.7259463320069,116.22994823377779,145.0,170.0,210.0,242.0,554.0,579.0,610.0,659.0
419,ogrid,81,3,7.5,0.95,394.63779206203446,114.5763422635371,137.0,177.0,215.0,248.0,556.0,580.0,612.0,657.0
420,ogrid,81,3,10.0,0.05,321.0102030405061,55.05595282070235,159.0,195.0,227.0,247.0,391.0,403.0,422.0,482.0
421,ogrid,81,3,10.0,0.33,324.1905927966534,51.641188631703265,174.0,208.0,237.0,256.0,391.0,403.0,423.0,461.0
422,ogrid,81,3,10.0,0.66,328.01938577696154,48.21267071907308,179.0,221.0,248.0,263.0,391.0,403.0,423.0,468.0
423,ogrid,81,3,10.0,0.95,331.41199877563514,46.993735945711855,187.0,227.0,253.0,269.0,393.0,405.0,426.0,461.0
424,ogrid,81,3,12.5,0.05,254.15988164473012,25.467249646496068,171.0,195.0,210.0,220.0,286.0,294.0,308.0,349.0
425,ogrid,81,3,12.5,0.33,257.2152841546781,23.366109627360036,182.0,202.0,218.0,227.0,287.0,295.0,310.0,342.0
426,ogrid,81,3,12.5,0.66,260.51474339353126,21.452748026201434,182.0,212.0,225.0,233.0,289.0,295.0,309.0,340.0
427,ogrid,81,3,12.5,0.95,263.8223650647893,20.677090239369853,191.0,218.0,230.0,237.0,290.0,298.0,311.0,334.0
428,ogrid,81,3,15.0,0.05,198.37332925211714,15.94460038467721,133.0,162.0,172.0,178.0,219.0,225.0,236.0,253.0
429,ogrid,81,3,15.0,0.33,200.85593306805427,15.698473003336188,144.0,165.0,176.0,181.0,221.0,227.0,239.0,263.0
430,ogrid,81,3,15.0,0.66,204.06836037139067,15.825617789059104,155.0,169.0,179.0,184.0,224.0,231.0,243.0,268.0
431,ogrid,81,3,15.0,0.95,206.46107540046933,15.419784635817926,152.0,172.0,182.0,187.0,226.0,233.0,244.0,291.0
432,ogrid,81,5,7.5,0.05,256.98479746964597,61.83655297005439,101.0,136.0,159.0,177.0,343.0,359.0,381.0,419.0
433,ogrid,81,5,7.5,0.33,260.24171002958883,58.23259427599488,123.0,148.0,170.0,186.0,343.0,359.0,381.0,441.0
434,ogrid,81,5,7.5,0.66,264.0060197938986,55.808826399180695,127.0,157.0,177.0,192.0,343.0,358.0,382.0,434.0
435,ogrid,81,5,7.5,0.95,267.59004183246606,53.917574738061155,135.0,162.0,183.0,198.0,344.0,360.0,383.0,421.0
436,ogrid,81,5,10.0,0.05,222.5117845117845,36.887390978373595,115.0,143.0,161.0,174.0,271.0,281.0,298.0,340.0
437,ogrid,81,5,10.0,0.33,225.65554535251505,33.74098619912934,125.0,154.0,170.0,182.0,271.0,281.0,298.0,327.0
438,ogrid,81,5,10.0,0.66,229.22293643505765,31.630664185785527,134.0,162.0,178.0,188.0,272.0,282.0,297.0,329.0
439,ogrid,81,5,10.0,0.95,232.54708703193552,30.009603808043167,145.0,167.0,183.0,193.0,272.0,282.0,299.0,326.0
440,ogrid,81,5,12.5,0.05,186.6522803795531,22.008478418256455,116.0,136.0,150.0,158.0,215.0,222.0,234.0,264.0
441,ogrid,81,5,12.5,0.33,189.57994082236507,20.101171555023072,124.0,144.0,157.0,164.0,216.0,223.0,235.0,273.0
442,ogrid,81,5,12.5,0.66,192.84144475053566,18.32723443965661,133.0,152.0,163.0,169.0,216.0,223.0,236.0,262.0
443,ogrid,81,5,12.5,0.95,196.0060197938986,17.847523439754163,135.0,156.0,167.0,173.0,219.0,226.0,237.0,263.0
444,ogrid,81,5,15.0,0.05,154.33945515763696,15.294669292052173,104.0,119.0,129.0,134.0,174.0,180.0,190.0,211.0
445,ogrid,81,5,15.0,0.33,157.03928170594838,14.373342969464916,111.0,125.0,134.0,138.0,176.0,181.0,191.0,216.0
446,ogrid,81,5,15.0,0.66,159.88307315580042,13.733733927476163,109.0,129.0,138.0,143.0,178.0,183.0,193.0,218.0
447,ogrid,81,5,15.0,0.95,162.8558310376492,13.578835965222169,118.0,133.0,141.0,146.0,180.0,186.0,197.0,220.0
448,ogrid,81,10,7.5,0.05,111.7470666258545,15.984381655511083,57.0,77.0,86.0,91.0,133.0,138.0,149.0,172.0
449,ogrid,81,10,7.5,0.33,114.42393633302724,14.48204312089425,68.0,82.0,91.0,96.0,134.0,139.0,149.0,164.0
450,ogrid,81,10,7.5,0.66,117.61503928170595,13.297382444699853,69.0,89.0,96.0,101.0,135.0,140.0,149.0,177.0
451,ogrid,81,10,7.5,0.95,120.18763391490664,13.052224693714376,78.0,91.0,99.0,104.0,137.0,142.0,151.0,176.0
452,ogrid,81,10,10.0,0.05,103.19518416488114,13.631662536802015,54.0,73.0,81.0,86.0,121.0,126.0,135.0,153.0
453,ogrid,81,10,10.0,0.33,105.76675849403122,12.698969691800896,63.0,78.0,85.0,89.0,123.0,127.0,136.0,154.0
454,ogrid,81,10,10.0,0.66,108.70115294357718,11.816669492167732,65.0,82.0,90.0,94.0,124.0,128.0,137.0,157.0
455,ogrid,81,10,10.0,0.95,111.36322824201612,11.401194532035351,71.0,86.0,93.0,97.0,126.0,131.0,139.0,162.0
456,ogrid,81,10,12.5,0.05,93.6341189674523,11.71322621928584,53.0,68.0,75.0,79.0,109.0,113.0,122.0,144.0
457,ogrid,81,10,12.5,0.33,96.00234669931639,11.068563836381513,55.0,72.0,78.0,82.0,110.0,115.0,123.0,141.0
458,ogrid,81,10,12.5,0.66,98.8532802775227,10.714077262674556,62.0,75.0,82.0,85.0,113.0,116.0,125.0,142.0
459,ogrid,81,10,12.5,0.95,101.40026527905316,10.471677561253983,60.0,78.0,84.0,88.0,115.0,119.0,127.0,145.0
460,ogrid,81,10,15.0,0.05,84.2157943067034,10.268413797181339,41.0,62.0,68.0,71.0,97.0,101.0,109.0,124.0
461,ogrid,81,10,15.0,0.33,86.32353841444751,9.961465698691955,54.0,64.0,70.0,74.0,99.0,103.0,110.0,128.0
462,ogrid,81,10,15.0,0.66,89.02846648301194,9.86547127626604,56.0,67.0,73.0,77.0,102.0,105.0,113.0,131.0
463,ogrid,81,10,15.0,0.95,91.29833690439752,9.828182455556592,58.0,69.0,76.0,79.0,104.0,108.0,115.0,136.0
464,ogrid,81,15,7.5,0.05,59.03917967554331,8.331875936254706,30.0,40.0,46.0,49.0,70.0,73.0,79.0,91.0
465,ogrid,81,15,7.5,0.33,61.22895622895623,8.26240536010443,33.0,43.0,48.0,51.0,72.0,75.0,82.0,99.0
466,ogrid,81,15,7.5,0.66,63.38955208652178,8.035775342296981,35.0,46.0,51.0,53.0,74.0,77.0,83.0,100.0
467,ogrid,81,15,7.5,0.95,65.40332619120498,8.136215672250685,34.0,47.0,52.0,55.0,76.0,79.0,85.0,100.0
468,ogrid,81,15,10.0,0.05,56.39822467095194,8.020753671008878,25.0,38.0,44.0,46.0,67.0,70.0,76.0,90.0
469,ogrid,81,15,10.0,0.33,58.39536781961024,7.9596661388679895,32.0,41.0,46.0,48.0,69.0,72.0,78.0,92.0
470,ogrid,81,15,10.0,0.66,60.61891643709826,7.991946084233857,26.0,42.0,48.0,51.0,71.0,74.0,81.0,94.0
471,ogrid,81,15,10.0,0.95,62.55524946434037,7.92339311113221,38.0,45.0,50.0,52.0,73.0,76.0,81.0,96.0
472,ogrid,81,15,12.5,0.05,53.40383634323028,7.6910660022352655,28.0,36.0,41.0,44.0,63.0,66.0,72.0,86.0
473,ogrid,81,15,12.5,0.33,55.29721456994184,7.702834624652496,27.0,38.0,43.0,46.0,65.0,68.0,74.0,85.0
474,ogrid,81,15,12.5,0.66,57.32221201918171,7.811526246261576,34.0,40.0,45.0,47.0,67.0,70.0,77.0,92.0
475,ogrid,81,15,12.5,0.95,59.24068972553821,7.694883018251187,35.0,42.0,47.0,49.0,69.0,72.0,77.0,93.0
476,ogrid,81,15,15.0,0.05,49.89837771655954,7.3280080854435345,23.0,34.0,38.0,41.0,60.0,62.0,67.0,81.0
477,ogrid,81,15,15.0,0.33,51.83838383838384,7.4870769185038775,24.0,35.0,40.0,42.0,61.0,65.0,71.0,85.0
478,ogrid,81,15,15.0,0.66,53.79236812570146,7.659380023889156,29.0,37.0,41.0,44.0,64.0,67.0,73.0,89.0
479,ogrid,81,15,15.0,0.95,55.65942250790736,7.572195474550633,33.0,39.0,44.0,46.0,65.0,68.0,74.0,90.0
