,grid_type,number_lights,height,width,mean,std,min,1,5,10,90,95,99,max
0,circle,4,1,7.5,31.23885317824712,46.64118400484611,0.0,0.0,1.0,2.0,93.0,139.0,219.0,272.0
1,circle,4,1,10.0,24.72931333537394,39.70832447198042,0.0,0.0,1.0,2.0,70.0,120.0,192.0,261.0
2,circle,4,1,12.5,17.64575043362922,31.46833813566365,0.0,0.0,1.0,1.0,44.0,83.0,170.0,228.0
3,circle,4,1,15.0,13.653300683603714,26.91480419018024,0.0,0.0,0.0,1.0,32.0,63.0,150.0,243.0
4,circle,4,2,7.5,25.263136414651566,21.68687191238541,0.0,2.0,3.0,5.0,58.0,70.0,90.0,111.0
5,circle,4,2,10.0,20.96122844607693,18.476200623272966,0.0,1.0,3.0,4.0,49.0,60.0,79.0,111.0
6,circle,4,2,12.5,16.168962350780532,14.799018125902043,0.0,1.0,2.0,3.0,38.0,48.0,66.0,88.0
7,circle,4,2,15.0,12.91786552392613,12.193366394766157,0.0,1.0,2.0,3.0,30.0,40.0,55.0,82.0
8,circle,4,3,7.5,20.533925109682684,12.673088805398084,0.0,3.0,5.0,6.0,39.0,44.0,54.0,74.0
9,circle,4,3,10.0,17.653504744413834,10.935374725024253,0.0,2.0,4.0,6.0,34.0,39.0,48.0,61.0
10,circle,4,3,12.5,14.366085093357821,9.127270081765886,0.0,2.0,3.0,5.0,28.0,32.0,41.0,58.0
11,circle,4,3,15.0,11.776757473727171,7.603984755379,0.0,1.0,3.0,4.0,23.0,27.0,34.0,53.0
12,circle,4,5,7.5,13.813284358738905,5.908428784249699,0.0,3.0,5.0,7.0,22.0,24.0,29.0,40.0
13,circle,4,5,10.0,12.342209978573615,5.350506363730253,0.0,3.0,5.0,6.0,20.0,22.0,26.0,35.0
14,circle,4,5,12.5,10.70462197734925,4.77137633196729,0.0,2.0,4.0,5.0,17.0,19.0,23.0,31.0
15,circle,4,5,15.0,9.188960310172432,4.275222490668282,0.0,2.0,3.0,4.0,15.0,17.0,21.0,30.0
16,circle,4,10,7.5,5.902458932761963,2.564995356214578,0.0,1.0,2.0,3.0,9.0,10.0,13.0,17.0
17,circle,4,10,10.0,5.610651974288338,2.4947705316316844,0.0,1.0,2.0,3.0,9.0,10.0,12.0,18.0
18,circle,4,10,12.5,5.194163860830527,2.4013971159818626,0.0,1.0,2.0,2.0,8.0,9.0,12.0,17.0
19,circle,4,10,15.0,4.770023466993164,2.2537169673274797,0.0,1.0,1.0,2.0,8.0,9.0,11.0,16.0
20,circle,4,15,7.5,3.0718294051627386,1.7466697538264915,0.0,0.0,1.0,1.0,5.0,6.0,8.0,11.0
21,circle,4,15,10.0,2.958779716355474,1.7242086061019843,0.0,0.0,1.0,1.0,5.0,6.0,8.0,13.0
22,circle,4,15,12.5,2.8618508315478013,1.7041977505722081,0.0,0.0,0.0,1.0,5.0,6.0,7.0,13.0
23,circle,4,15,15.0,2.71033568003265,1.65984655994223,0.0,0.0,0.0,1.0,5.0,6.0,7.0,11.0
24,circle,16,1,7.5,126.23640444852566,82.66440257946768,3.0,10.0,17.0,25.0,244.0,273.0,315.0,371.0
25,circle,16,1,10.0,108.97622691562086,54.33338822397785,11.0,29.0,41.0,49.0,193.0,216.0,248.0,299.0
26,circle,16,1,12.5,84.10662177328844,50.38918181454307,15.0,24.0,30.0,34.0,163.0,189.0,224.0,259.0
27,circle,16,1,15.0,59.74308744005714,45.76387573881719,6.0,13.0,17.0,20.0,127.0,163.0,209.0,257.0
28,circle,16,2,7.5,102.11692684419957,47.70975147558741,10.0,20.0,30.0,39.0,167.0,179.0,198.0,230.0
29,circle,16,2,10.0,87.50902969084787,23.48648729129998,21.0,35.0,47.0,56.0,118.0,127.0,141.0,172.0
30,circle,16,2,12.5,69.00265279053158,15.9019285818394,25.0,39.0,46.0,50.0,91.0,98.0,109.0,133.0
31,circle,16,2,15.0,52.4635241301908,15.624774533221693,19.0,25.0,30.0,33.0,74.0,80.0,90.0,111.0
32,circle,16,3,7.5,82.2796653402714,32.31306727364631,12.0,24.0,33.0,41.0,127.0,136.0,150.0,177.0
33,circle,16,3,10.0,71.18487909397,17.80241921461924,20.0,32.0,41.0,47.0,94.0,100.0,110.0,130.0
34,circle,16,3,12.5,58.04652586470768,10.980605399980268,25.0,35.0,41.0,44.0,73.0,77.0,85.0,102.0
35,circle,16,3,15.0,46.08182838485869,9.2300484213993,18.0,27.0,32.0,35.0,58.0,62.0,69.0,95.0
36,circle,16,5,7.5,55.05295378022651,16.10572253063041,14.0,24.0,30.0,34.0,77.0,83.0,91.0,108.0
37,circle,16,5,10.0,48.7384960718294,11.428563184709668,16.0,24.0,30.0,34.0,64.0,68.0,76.0,93.0
38,circle,16,5,12.5,41.68431792674217,8.161074087317292,11.0,24.0,29.0,31.0,52.0,55.0,61.0,74.0
39,circle,16,5,15.0,35.136006529945924,6.854990081763624,12.0,20.0,24.0,26.0,44.0,47.0,52.0,66.0
40,circle,16,10,7.5,23.60208142026324,5.638717490634958,6.0,12.0,15.0,17.0,31.0,33.0,37.0,47.0
41,circle,16,10,10.0,22.070094888276707,5.158332237405555,4.0,11.0,14.0,16.0,29.0,31.0,35.0,44.0
42,circle,16,10,12.5,20.35414753596572,4.8752811068800135,3.0,10.0,13.0,14.0,27.0,29.0,32.0,41.0
43,circle,16,10,15.0,18.454341393735334,4.4885531356411486,4.0,9.0,12.0,13.0,24.0,26.0,30.0,38.0
44,circle,16,15,7.5,12.353535353535353,3.6142424792911076,2.0,5.0,7.0,8.0,17.0,19.0,22.0,28.0
45,circle,16,15,10.0,11.861850831547802,3.478429838006871,0.0,5.0,6.0,7.0,16.0,18.0,21.0,27.0
46,circle,16,15,12.5,11.272523211917152,3.34633354877668,1.0,4.0,6.0,7.0,16.0,17.0,20.0,26.0
47,circle,16,15,15.0,10.806244260789715,3.342641699371696,1.0,4.0,6.0,7.0,15.0,17.0,19.0,24.0
48,circle,36,1,7.5,283.85501479440876,160.07494768463755,10.0,23.0,39.0,56.0,469.0,486.0,516.0,571.0
49,circle,36,1,10.0,244.0127538006326,59.75782623834696,24.0,52.0,100.0,164.0,306.0,321.0,346.0,386.0
50,circle,36,1,12.5,178.02611978369555,38.190850988263826,88.0,116.0,128.0,135.0,235.0,254.0,279.0,329.0
51,circle,36,1,15.0,129.4342414039384,42.40856837507955,48.0,70.0,79.0,86.0,197.0,219.0,247.0,280.0
52,circle,36,2,7.5,229.1890623405775,102.76796203964419,26.0,46.0,68.0,89.0,365.0,382.0,405.0,442.0
53,circle,36,2,10.0,195.30149984695439,43.34176422888226,47.0,74.0,106.0,133.0,242.0,251.0,265.0,302.0
54,circle,36,2,12.5,152.06376900316295,17.443473926121097,80.0,104.0,122.0,130.0,173.0,179.0,189.0,208.0
55,circle,36,2,15.0,114.82971125395368,12.257394870676936,72.0,87.0,95.0,99.0,131.0,135.0,145.0,166.0
56,circle,36,3,7.5,184.98132843587388,69.0911494938695,32.0,58.0,77.0,94.0,281.0,295.0,316.0,364.0
57,circle,36,3,10.0,158.986531986532,34.93156284026297,45.0,75.0,95.0,109.0,202.0,210.0,223.0,247.0
58,circle,36,3,12.5,128.8668503213958,17.285509003645004,55.0,84.0,98.0,106.0,150.0,156.0,166.0,184.0
59,circle,36,3,15.0,101.50851953882257,11.42119893824959,62.0,75.0,83.0,87.0,116.0,121.0,129.0,148.0
60,circle,36,5,7.5,123.37383940414243,33.66564723478047,38.0,59.0,71.0,80.0,170.0,180.0,195.0,224.0
61,circle,36,5,10.0,109.01805938169575,22.117157055315975,41.0,61.0,72.0,80.0,138.0,144.0,156.0,181.0
62,circle,36,5,12.5,93.23895520865217,14.352900443386883,44.0,60.0,69.0,75.0,112.0,117.0,125.0,148.0
63,circle,36,5,15.0,77.86787062544639,10.46381715669874,43.0,54.0,61.0,64.0,91.0,95.0,103.0,116.0
64,circle,36,10,7.5,52.95673910825426,9.53759848477808,22.0,32.0,38.0,41.0,65.0,69.0,76.0,91.0
65,circle,36,10,10.0,49.45689215386185,8.771016196738977,21.0,31.0,36.0,38.0,61.0,64.0,70.0,85.0
66,circle,36,10,12.5,45.46076930925416,7.613623654775451,21.0,29.0,33.0,36.0,55.0,58.0,65.0,74.0
67,circle,36,10,15.0,41.22762983369044,6.9440103286977015,19.0,26.0,30.0,32.0,50.0,53.0,58.0,68.0
68,circle,36,15,7.5,27.6917661463116,5.572113301159243,10.0,16.0,19.0,21.0,35.0,37.0,42.0,51.0
69,circle,36,15,10.0,26.747372717069688,5.369506335849882,9.0,15.0,18.0,20.0,34.0,36.0,41.0,52.0
70,circle,36,15,12.5,25.384960718294053,5.192808782903337,6.0,14.0,17.0,19.0,32.0,34.0,38.0,45.0
71,circle,36,15,15.0,23.997857361493725,5.071320287728593,7.0,13.0,16.0,18.0,31.0,33.0,37.0,46.0
72,circle,49,1,7.5,386.7559432710948,221.39923736433713,17.0,32.0,52.0,76.0,650.0,673.0,711.0,768.0
73,circle,49,1,10.0,333.7341087644118,79.08529534074427,37.0,71.0,137.0,223.0,410.0,425.0,450.0,515.0
74,circle,49,1,12.5,245.60514233241506,38.24417160365052,146.0,177.0,191.0,199.0,299.0,316.0,339.0,380.0
75,circle,49,1,15.0,180.74461789613304,41.31012038445726,98.0,115.0,126.0,133.0,243.0,260.0,285.0,310.0
76,circle,49,2,7.5,312.81001938577697,142.20160414142836,39.0,63.0,92.0,120.0,505.0,528.0,559.0,611.0
77,circle,49,2,10.0,267.4076114682175,61.700176694402124,50.0,100.0,143.0,177.0,337.0,349.0,367.0,396.0
78,circle,49,2,12.5,209.389960208142,24.298620833269283,110.0,143.0,166.0,178.0,239.0,246.0,259.0,296.0
79,circle,49,2,15.0,159.78022650749924,14.901604317430293,106.0,125.0,135.0,141.0,179.0,184.0,194.0,214.0
80,circle,49,3,7.5,252.37618610345882,95.1678158429239,55.0,79.0,106.0,128.0,386.0,407.0,431.0,482.0
81,circle,49,3,10.0,217.68860320375472,49.145554672054125,72.0,100.0,129.0,150.0,278.0,289.0,307.0,332.0
82,circle,49,3,12.5,177.447097234976,23.86306892578815,93.0,116.0,136.0,146.0,207.0,214.0,227.0,250.0
83,circle,49,3,15.0,140.67268646056525,14.531601070319851,93.0,107.0,117.0,122.0,159.0,165.0,174.0,193.0
84,circle,49,5,7.5,168.48025711662075,45.64638354074893,56.0,79.0,97.0,110.0,232.0,244.0,262.0,294.0
85,circle,49,5,10.0,149.1763085399449,29.793602381507306,63.0,83.0,99.0,110.0,188.0,195.0,210.0,239.0
86,circle,49,5,12.5,127.76849301091725,18.964354489788008,65.0,83.0,96.0,103.0,152.0,158.0,169.0,199.0
87,circle,49,5,15.0,107.2778287929803,13.142545592938012,63.0,76.0,86.0,90.0,124.0,129.0,138.0,159.0
88,circle,49,10,7.5,72.28690949903071,12.159867699108531,32.0,46.0,53.0,57.0,88.0,93.0,101.0,122.0
89,circle,49,10,10.0,67.48801142740537,10.676289092905758,31.0,44.0,50.0,54.0,82.0,86.0,93.0,111.0
90,circle,49,10,12.5,62.19355167840016,9.448078123790529,31.0,41.0,47.0,50.0,74.0,78.0,85.0,100.0
91,circle,49,10,15.0,56.55300479542904,8.420176295114585,28.0,38.0,43.0,46.0,68.0,71.0,77.0,90.0
92,circle,49,15,7.5,37.84899500051015,6.593697019405074,18.0,24.0,27.0,29.0,46.0,49.0,54.0,63.0
93,circle,49,15,10.0,36.27589021528416,6.445600042506165,13.0,22.0,26.0,28.0,45.0,47.0,52.0,67.0
94,circle,49,15,12.5,34.63228242016121,6.179678327091959,15.0,21.0,25.0,27.0,43.0,45.0,50.0,61.0
95,circle,49,15,15.0,32.64921946740129,5.926065720688418,12.0,20.0,23.0,25.0,40.0,43.0,47.0,56.0
96,circle,81,1,7.5,639.02520151005,361.61039197124364,32.0,55.0,87.0,127.0,1060.0,1083.0,1121.0,1175.0
97,circle,81,1,10.0,550.3510866238139,125.58674897578588,69.0,116.0,229.0,373.0,667.0,686.0,711.0,757.0
98,circle,81,1,12.5,403.3571064177125,55.54755142298052,215.0,303.0,323.0,334.0,481.0,495.0,516.0,556.0
99,circle,81,1,15.0,294.5513723089481,58.95680923326931,176.0,198.0,212.0,221.0,376.0,389.0,407.0,446.0
100,circle,81,2,7.5,516.1120293847566,231.39570027173818,71.0,105.0,151.0,199.0,826.0,853.0,889.0,948.0
101,circle,81,2,10.0,441.17232935414756,96.45789596969554,113.0,165.0,238.0,298.0,543.0,555.0,577.0,621.0
102,circle,81,2,12.5,344.1565146413631,33.451156788285466,178.0,240.0,284.0,300.0,382.0,391.0,407.0,447.0
103,circle,81,2,15.0,260.55351494745435,18.84431672332832,182.0,215.0,229.0,237.0,285.0,291.0,304.0,332.0
104,circle,81,3,7.5,416.52749719416386,154.61414491146672,96.0,130.0,175.0,213.0,633.0,661.0,695.0,754.0
105,circle,81,3,10.0,358.66727884909704,76.5999949626328,125.0,168.0,215.0,250.0,449.0,463.0,485.0,519.0
106,circle,81,3,12.5,291.15518824609734,34.45291663731301,159.0,196.0,226.0,245.0,332.0,340.0,355.0,394.0
107,circle,81,3,15.0,229.6754412815019,18.595146391220837,154.0,184.0,198.0,206.0,253.0,259.0,271.0,300.0
108,circle,81,5,7.5,278.0599938781757,73.9336137302949,109.0,133.0,162.0,183.0,382.0,400.0,426.0,454.0
109,circle,81,5,10.0,245.97908376696256,46.653363699439936,112.0,141.0,167.0,184.0,307.0,318.0,336.0,374.0
110,circle,81,5,12.5,210.21620242832364,27.940564089255453,118.0,142.0,161.0,173.0,245.0,253.0,267.0,301.0
111,circle,81,5,15.0,176.0810121416182,17.961429944535013,104.0,134.0,146.0,153.0,199.0,205.0,217.0,246.0
112,circle,81,10,7.5,119.38587899193959,17.782157993594037,61.0,81.0,91.0,96.0,143.0,149.0,160.0,189.0
113,circle,81,10,10.0,111.41301907968575,15.443827070673304,59.0,77.0,86.0,92.0,132.0,137.0,148.0,172.0
114,circle,81,10,12.5,102.45362718089991,13.23141015260422,59.0,73.0,81.0,85.0,120.0,125.0,134.0,154.0
115,circle,81,10,15.0,92.88144066931946,11.286522794099668,50.0,67.0,75.0,78.0,107.0,112.0,119.0,145.0
116,circle,81,15,7.5,62.57677787980818,8.905943663190882,31.0,43.0,48.0,51.0,74.0,78.0,84.0,96.0
117,circle,81,15,10.0,59.956330986634015,8.461459524345818,33.0,41.0,46.0,49.0,71.0,74.0,81.0,98.0
118,circle,81,15,12.5,57.135904499540864,8.077568638605158,28.0,39.0,44.0,47.0,68.0,71.0,77.0,87.0
119,circle,81,15,15.0,53.86603407815529,7.814847400188805,28.0,37.0,41.0,44.0,64.0,67.0,73.0,85.0
120,ogrid,4,1,7.5,20.45413733292521,34.95426433670122,0.0,0.0,1.0,1.0,61.0,100.0,175.0,225.0
121,ogrid,4,1,10.0,8.765942250790737,22.02766779083915,0.0,0.0,0.0,0.0,18.0,41.0,128.0,236.0
122,ogrid,4,1,12.5,2.0006121824303644,3.491619776712029,0.0,0.0,0.0,0.0,5.0,7.0,18.0,41.0
123,ogrid,4,1,15.0,0.7518620548923579,1.1471887766742828,0.0,0.0,0.0,0.0,2.0,3.0,5.0,11.0
124,ogrid,4,2,7.5,14.875420875420875,12.84759100858579,0.0,1.0,2.0,3.0,36.0,43.0,53.0,73.0
125,ogrid,4,2,10.0,8.031119273543515,9.556727396388455,0.0,0.0,1.0,1.0,20.0,30.0,48.0,67.0
126,ogrid,4,2,12.5,3.346699316396286,3.8832034489457325,0.0,0.0,0.0,0.0,8.0,11.0,20.0,36.0
127,ogrid,4,2,15.0,1.5272931333537394,1.7333447848397319,0.0,0.0,0.0,0.0,3.0,5.0,8.0,17.0
128,ogrid,4,3,7.5,11.70615243342516,6.395955440444362,0.0,2.0,3.0,4.0,21.0,24.0,29.0,36.0
129,ogrid,4,3,10.0,7.21763085399449,5.25342643190365,0.0,0.0,1.0,2.0,15.0,18.0,25.0,37.0
130,ogrid,4,3,12.5,3.883685338230793,3.2465501501312,0.0,0.0,0.0,1.0,8.0,10.0,16.0,26.0
131,ogrid,4,3,15.0,2.0994796449341906,1.903176326352814,0.0,0.0,0.0,0.0,4.0,6.0,9.0,18.0
132,ogrid,4,5,7.5,8.101214161820222,3.254714044117556,0.0,2.0,3.0,4.0,12.0,14.0,16.0,24.0
133,ogrid,4,5,10.0,5.7730843791449855,2.720255462745272,0.0,1.0,2.0,2.0,9.0,11.0,13.0,17.0
134,ogrid,4,5,12.5,3.8654218957249262,2.240409766741805,0.0,0.0,1.0,1.0,7.0,8.0,10.0,18.0
135,ogrid,4,5,15.0,2.526374859708193,1.7747170650644744,0.0,0.0,0.0,1.0,5.0,6.0,8.0,13.0
136,ogrid,4,10,7.5,3.856953372104887,2.003451990527408,0.0,0.0,1.0,1.0,6.0,7.0,9.0,14.0
137,ogrid,4,10,10.0,3.246811549841853,1.802852405023723,0.0,0.0,1.0,1.0,6.0,6.0,8.0,11.0
138,ogrid,4,10,12.5,2.6784001632486483,1.6655434634147477,0.0,0.0,0.0,1.0,5.0,6.0,7.0,11.0
139,ogrid,4,10,15.0,2.117130905009693,1.4644560559285584,0.0,0.0,0.0,0.0,4.0,5.0,6.0,10.0
140,ogrid,4,15,7.5,2.1227425772880317,1.4610314383834286,0.0,0.0,0.0,0.0,4.0,5.0,6.0,11.0
141,ogrid,4,15,10.0,1.9617385981022344,1.4054804029854122,0.0,0.0,0.0,0.0,4.0,4.0,6.0,10.0
142,ogrid,4,15,12.5,1.7341087644117947,1.3249309569233905,0.0,0.0,0.0,0.0,4.0,4.0,5.0,8.0
143,ogrid,4,15,15.0,1.4950515253545558,1.2236826569298516,0.0,0.0,0.0,0.0,3.0,4.0,5.0,7.0
144,ogrid,16,1,7.5,104.99449035812673,49.63354919241735,4.0,16.0,29.0,42.0,177.0,203.0,230.0,275.0
145,ogrid,16,1,10.0,73.61799816345271,41.970684918447745,14.0,28.0,35.0,39.0,138.0,171.0,212.0,248.0
146,ogrid,16,1,12.5,46.206917661463116,37.92869220493304,8.0,15.0,18.0,20.0,99.0,137.0,194.0,241.0
147,ogrid,16,1,15.0,35.26691153963881,36.57043576029716,2.0,7.0,10.0,12.0,80.0,121.0,185.0,235.0
148,ogrid,16,2,7.5,82.33619018467503,24.04482866790616,14.0,26.0,40.0,48.0,111.0,117.0,127.0,147.0
149,ogrid,16,2,10.0,61.95673910825426,11.249603638368592,24.0,37.0,44.0,48.0,77.0,81.0,89.0,103.0
150,ogrid,16,2,12.5,43.460157126823795,10.473937469816342,15.0,25.0,29.0,32.0,58.0,63.0,74.0,91.0
151,ogrid,16,2,15.0,32.50372410978471,11.083087314138343,10.0,15.0,19.0,21.0,49.0,55.0,65.0,86.0
152,ogrid,16,3,7.5,66.03642485460668,18.351820259548706,12.0,26.0,36.0,42.0,90.0,95.0,104.0,122.0
153,ogrid,16,3,10.0,51.96928884807673,9.277522119962107,19.0,32.0,37.0,40.0,64.0,67.0,73.0,85.0
154,ogrid,16,3,12.5,38.856137128864404,6.807010326712491,15.0,24.0,28.0,30.0,48.0,51.0,56.0,66.0
155,ogrid,16,3,15.0,29.5131109070503,6.079487131670645,12.0,17.0,20.0,22.0,37.0,40.0,45.0,58.0
156,ogrid,16,5,7.5,44.433629221508006,11.207256546857032,12.0,21.0,27.0,30.0,59.0,63.0,71.0,90.0
157,ogrid,16,5,10.0,37.06274869911233,7.516688296968613,13.0,21.0,25.0,27.0,47.0,50.0,55.0,72.0
158,ogrid,16,5,12.5,29.973982246709518,5.786762505156373,8.0,17.0,21.0,23.0,38.0,40.0,44.0,53.0
159,ogrid,16,5,15.0,24.009590858075708,4.89813695021245,9.0,13.0,16.0,18.0,30.0,32.0,36.0,46.0
160,ogrid,16,10,7.5,19.77787980818284,4.958777569771828,4.0,9.0,12.0,14.0,26.0,28.0,32.0,40.0
161,ogrid,16,10,10.0,17.79991837567595,4.47285045333627,5.0,8.0,11.0,12.0,24.0,25.0,29.0,35.0
162,ogrid,16,10,12.5,15.981940618304254,4.099215951887151,4.0,7.0,10.0,11.0,21.0,23.0,26.0,35.0
163,ogrid,16,10,15.0,13.947352310988675,3.804084307943726,2.0,6.0,8.0,9.0,19.0,20.0,24.0,30.0
164,ogrid,16,15,7.5,10.509947964493419,3.267536725543638,0.0,4.0,6.0,6.0,15.0,16.0,19.0,24.0
165,ogrid,16,15,10.0,9.952249770431589,3.1926168028832147,0.0,3.0,5.0,6.0,14.0,15.0,18.0,25.0
166,ogrid,16,15,12.5,9.206917661463116,3.0623619156216755,0.0,3.0,5.0,5.0,13.0,15.0,17.0,23.0
167,ogrid,16,15,15.0,8.493725130088766,2.932040927956839,0.0,2.0,4.0,5.0,12.0,14.0,16.0,25.0
168,ogrid,36,1,7.5,253.02030405060708,101.30474650313415,21.0,44.0,76.0,96.0,363.0,380.0,404.0,463.0
169,ogrid,36,1,10.0,196.55871849811243,37.32604171641733,67.0,119.0,143.0,155.0,250.0,267.0,294.0,338.0
170,ogrid,36,1,12.5,135.72910927456383,39.65727805326555,71.0,84.0,92.0,97.0,198.0,220.0,249.0,286.0
171,ogrid,36,1,15.0,100.6226915620855,43.86870049027551,38.0,51.0,57.0,61.0,174.0,198.0,228.0,272.0
172,ogrid,36,2,7.5,200.85603509845933,68.14563339520727,34.0,63.0,90.0,107.0,288.0,299.0,317.0,356.0
173,ogrid,36,2,10.0,160.56932966023876,23.650628391083394,78.0,104.0,118.0,127.0,190.0,196.0,208.0,232.0
174,ogrid,36,2,12.5,118.74053667993061,12.71587265922678,72.0,89.0,98.0,103.0,135.0,140.0,149.0,172.0
175,ogrid,36,2,15.0,88.69584736251403,10.563340230224195,50.0,66.0,72.0,75.0,102.0,106.0,115.0,130.0
176,ogrid,36,3,7.5,161.43720028568512,49.23968559778982,40.0,63.0,83.0,97.0,228.0,239.0,255.0,284.0
177,ogrid,36,3,10.0,132.3373125191307,22.303622368101536,58.0,81.0,94.0,102.0,161.0,167.0,178.0,197.0
178,ogrid,36,3,12.5,102.89552086521783,12.469487351994351,60.0,74.0,82.0,87.0,119.0,123.0,132.0,145.0
179,ogrid,36,3,15.0,79.15702479338843,9.291146836318141,44.0,59.0,64.0,67.0,91.0,95.0,101.0,117.0
180,ogrid,36,5,7.5,108.23466993163963,26.29082452597114,37.0,54.0,66.0,74.0,144.0,152.0,164.0,190.0
181,ogrid,36,5,10.0,92.39985715743292,16.384635359684125,40.0,56.0,65.0,71.0,114.0,119.0,129.0,147.0
182,ogrid,36,5,12.5,76.58983777165595,10.88991556338529,37.0,52.0,59.0,63.0,91.0,94.0,102.0,118.0
183,ogrid,36,5,15.0,62.496888072645646,8.48983833005938,31.0,43.0,49.0,52.0,73.0,77.0,83.0,98.0
184,ogrid,36,10,7.5,47.299357208448114,8.613654862592854,20.0,29.0,34.0,36.0,59.0,62.0,68.0,82.0
185,ogrid,36,10,10.0,43.294561779410266,7.602408342435066,16.0,27.0,31.0,34.0,53.0,56.0,61.0,73.0
186,ogrid,36,10,12.5,39.08488929701051,6.846900774048137,15.0,24.0,28.0,30.0,48.0,51.0,56.0,70.0
187,ogrid,36,10,15.0,34.80665238240996,6.231190295864988,12.0,21.0,25.0,27.0,43.0,46.0,50.0,60.0
188,ogrid,36,15,7.5,25.013365983062954,5.181623729356191,7.0,14.0,17.0,19.0,32.0,34.0,38.0,47.0
189,ogrid,36,15,10.0,23.829303132333436,5.107131282209262,7.0,13.0,16.0,17.0,30.0,33.0,37.0,45.0
190,ogrid,36,15,12.5,22.43669013365983,4.898156403405554,8.0,12.0,15.0,16.0,29.0,31.0,35.0,44.0
191,ogrid,36,15,15.0,20.823895520865218,4.685497488258817,6.0,11.0,13.0,15.0,27.0,29.0,33.0,41.0
192,ogrid,49,1,7.5,353.6048362411999,143.9990599464415,39.0,74.0,109.0,134.0,515.0,530.0,556.0,600.0
193,ogrid,49,1,10.0,279.73655749413325,37.71155513662026,152.0,184.0,217.0,233.0,329.0,342.0,368.0,411.0
194,ogrid,49,1,12.5,195.58004285277013,35.28545169549581,121.0,140.0,151.0,157.0,249.0,266.0,291.0,322.0
195,ogrid,49,1,15.0,139.33772064075094,39.261211452134624,71.0,88.0,96.0,101.0,201.0,224.0,251.0,284.0
196,ogrid,49,2,7.5,281.1251913070095,98.06591518502259,62.0,91.0,126.0,149.0,409.0,425.0,448.0,489.0
197,ogrid,49,2,10.0,227.17049280685643,34.16092041314298,113.0,146.0,167.0,179.0,269.0,277.0,292.0,324.0
198,ogrid,49,2,12.5,169.46882971125396,15.710557693675302,116.0,133.0,144.0,149.0,190.0,195.0,205.0,227.0
199,ogrid,49,2,15.0,126.18579736761555,12.00242579549598,85.0,99.0,107.0,111.0,142.0,146.0,155.0,172.0
200,ogrid,49,3,7.5,225.89970411182532,69.89480807916287,63.0,90.0,116.0,134.0,321.0,335.0,356.0,407.0
201,ogrid,49,3,10.0,186.66299357208447,31.209750927894078,86.0,114.0,133.0,144.0,226.0,234.0,247.0,276.0
202,ogrid,49,3,12.5,146.10998877665546,16.143523433626005,84.0,109.0,120.0,125.0,167.0,172.0,183.0,204.0
203,ogrid,49,3,15.0,112.75410672380369,11.466000886507535,70.0,87.0,94.0,98.0,127.0,132.0,140.0,161.0
204,ogrid,49,5,7.5,151.4027140087746,36.450319645312035,54.0,77.0,94.0,104.0,201.0,211.0,228.0,262.0
205,ogrid,49,5,10.0,129.99081726354453,22.012947497325758,62.0,82.0,93.0,101.0,158.0,166.0,178.0,202.0
206,ogrid,49,5,12.5,108.2095704519947,14.237027211149073,59.0,76.0,85.0,90.0,127.0,131.0,140.0,168.0
207,ogrid,49,5,15.0,88.66207529843894,10.494073486876653,51.0,65.0,72.0,75.0,102.0,106.0,114.0,126.0
208,ogrid,49,10,7.5,66.03785328027752,10.816068776806826,31.0,42.0,49.0,52.0,80.0,84.0,91.0,105.0
209,ogrid,49,10,10.0,60.774206713600655,9.631975577252229,30.0,40.0,45.0,48.0,73.0,77.0,84.0,97.0
210,ogrid,49,10,12.5,54.931435567799205,8.448478596952175,23.0,36.0,41.0,44.0,66.0,69.0,75.0,84.0
211,ogrid,49,10,15.0,48.976430976430976,7.525947737906107,23.0,32.0,37.0,40.0,59.0,62.0,67.0,77.0
212,ogrid,49,15,7.5,34.89776553412917,6.313135846989867,15.0,21.0,25.0,27.0,43.0,46.0,50.0,64.0
213,ogrid,49,15,10.0,33.358330782573205,6.127855366760829,12.0,20.0,24.0,26.0,41.0,44.0,48.0,60.0
214,ogrid,49,15,12.5,31.220895826956433,5.7728378307558605,11.0,19.0,22.0,24.0,39.0,41.0,45.0,62.0
215,ogrid,49,15,15.0,29.24803591470258,5.591582220128075,12.0,17.0,20.0,22.0,36.0,39.0,43.0,51.0
216,ogrid,81,1,7.5,596.7342107948168,264.80707837631576,63.0,103.0,166.0,206.0,900.0,923.0,958.0,1013.0
217,ogrid,81,1,10.0,486.8870523415978,56.286832620702576,271.0,331.0,377.0,408.0,550.0,562.0,583.0,634.0
218,ogrid,81,1,12.5,344.2798694010815,29.234287031397614,247.0,284.0,300.0,308.0,384.0,396.0,418.0,452.0
219,ogrid,81,1,15.0,245.11947760432608,32.5759237200764,159.0,190.0,202.0,208.0,294.0,308.0,333.0,379.0
220,ogrid,81,2,7.5,476.67350270380575,177.23300749546738,102.0,142.0,199.0,240.0,712.0,738.0,773.0,828.0
221,ogrid,81,2,10.0,392.06346291194774,62.31067807846893,190.0,240.0,280.0,303.0,466.0,479.0,499.0,552.0
222,ogrid,81,2,12.5,296.70309152127334,24.55923044506404,198.0,238.0,255.0,264.0,328.0,336.0,350.0,381.0
223,ogrid,81,2,15.0,222.34394449545965,16.196249391390214,168.0,186.0,196.0,202.0,243.0,249.0,260.0,285.0
224,ogrid,81,3,7.5,383.32394653606775,123.56039062990135,111.0,148.0,191.0,224.0,555.0,579.0,611.0,653.0
225,ogrid,81,3,10.0,320.6358534843383,55.92571391679241,146.0,192.0,226.0,245.0,392.0,404.0,423.0,455.0
226,ogrid,81,3,12.5,253.85348433833283,25.933598591705454,166.0,192.0,209.0,219.0,287.0,295.0,309.0,336.0
227,ogrid,81,3,15.0,197.62463013978166,16.486884697612517,126.0,161.0,171.0,176.0,219.0,225.0,236.0,270.0
228,ogrid,81,5,7.5,256.4157739006224,62.315701721870795,102.0,132.0,157.0,176.0,342.0,358.0,382.0,425.0
229,ogrid,81,5,10.0,221.78828690949902,37.34547074025804,99.0,139.0,160.0,173.0,271.0,281.0,298.0,319.0
230,ogrid,81,5,12.5,186.2479338842975,22.569254301745982,105.0,134.0,148.0,156.0,215.0,223.0,234.0,261.0
231,ogrid,81,5,15.0,153.76308539944904,15.521456408785998,96.0,119.0,128.0,134.0,174.0,180.0,191.0,212.0
232,ogrid,81,10,7.5,111.29588817467605,16.45859690650287,49.0,76.0,85.0,90.0,133.0,139.0,149.0,182.0
233,ogrid,81,10,10.0,102.77961432506888,14.134738564852185,55.0,72.0,80.0,85.0,121.0,126.0,136.0,162.0
234,ogrid,81,10,12.5,93.27425772880318,12.090655066084961,52.0,66.0,74.0,78.0,109.0,114.0,122.0,141.0
235,ogrid,81,10,15.0,83.88480767268646,10.34426758334191,46.0,61.0,67.0,71.0,97.0,101.0,109.0,123.0
236,ogrid,81,15,7.5,58.73910825425977,8.525443411897507,31.0,40.0,45.0,48.0,70.0,73.0,79.0,98.0
237,ogrid,81,15,10.0,56.02836445260688,8.202269704881614,26.0,38.0,43.0,46.0,67.0,70.0,76.0,87.0
238,ogrid,81,15,12.5,52.83532292623202,7.647873662281751,26.0,36.0,41.0,43.0,63.0,66.0,71.0,81.0
239,ogrid,81,15,15.0,49.54280175492297,7.292007934915184,24.0,33.0,38.0,40.0,59.0,62.0,67.0,79.0
240,grid,4,1,7.5,26.189674523007856,38.70438772446576,0.0,1.0,2.0,3.0,77.0,119.0,180.0,228.0
241,grid,4,1,10.0,8.922558922558922,22.039599051632518,0.0,0.0,0.0,0.0,18.0,41.0,128.0,212.0
242,grid,4,1,12.5,1.4713804713804715,2.050883734307232,0.0,0.0,0.0,0.0,4.0,5.0,10.0,25.0
243,grid,4,1,15.0,0.5489235792266095,0.8083832226902995,0.0,0.0,0.0,0.0,2.0,2.0,3.0,6.0
244,grid,4,2,7.5,18.408835833078257,13.260009569066805,1.0,3.0,5.0,6.0,40.0,46.0,56.0,71.0
245,grid,4,2,10.0,8.404346495255586,9.481403268608267,0.0,0.0,1.0,2.0,20.0,31.0,47.0,68.0
246,grid,4,2,12.5,2.7999183756759516,2.798264944349568,0.0,0.0,0.0,0.0,6.0,8.0,14.0,26.0
247,grid,4,2,15.0,1.183858789919396,1.2129074243382385,0.0,0.0,0.0,0.0,3.0,3.0,5.0,11.0
248,grid,4,3,7.5,14.267421691664117,6.020406136345039,1.0,4.0,6.0,7.0,23.0,26.0,30.0,40.0
249,grid,4,3,10.0,7.729721456994184,5.153109598166826,0.0,1.0,2.0,3.0,15.0,19.0,25.0,33.0
250,grid,4,3,12.5,3.5517804305683094,2.6765956001767774,0.0,0.0,0.0,1.0,7.0,9.0,13.0,21.0
251,grid,4,3,15.0,1.7208448117539026,1.4715002094937037,0.0,0.0,0.0,0.0,4.0,4.0,6.0,10.0
252,grid,4,5,7.5,9.85450464238343,3.208124755125399,1.0,3.0,5.0,6.0,14.0,15.0,18.0,25.0
253,grid,4,5,10.0,6.573002754820936,2.822143707448621,0.0,1.0,2.0,3.0,10.0,12.0,14.0,20.0
254,grid,4,5,12.5,3.998979695949393,2.2071109211360653,0.0,0.0,1.0,1.0,7.0,8.0,10.0,19.0
255,grid,4,5,15.0,2.3792470156106518,1.6262732555953276,0.0,0.0,0.0,0.0,5.0,5.0,7.0,11.0
256,grid,4,10,7.5,4.925823895520865,2.258091459685915,0.0,1.0,2.0,2.0,8.0,9.0,11.0,15.0
257,grid,4,10,10.0,3.9942862973166005,2.0038652587364436,0.0,0.0,1.0,2.0,7.0,8.0,9.0,14.0
258,grid,4,10,12.5,3.1353943475155597,1.7625996843484524,0.0,0.0,1.0,1.0,5.0,6.0,8.0,11.0
259,grid,4,10,15.0,2.395673910825426,1.554491849805926,0.0,0.0,0.0,1.0,4.0,5.0,7.0,10.0
260,grid,4,15,7.5,2.781552902765024,1.6912271995048016,0.0,0.0,0.0,1.0,5.0,6.0,7.0,10.0
261,grid,4,15,10.0,2.4586266707478828,1.5665840561677833,0.0,0.0,0.0,1.0,5.0,5.0,7.0,10.0
262,grid,4,15,12.5,2.1518212427303336,1.4701078946102752,0.0,0.0,0.0,0.0,4.0,5.0,6.0,12.0
263,grid,4,15,15.0,1.81124375063769,1.3536409177393085,0.0,0.0,0.0,0.0,4.0,4.0,6.0,9.0
264,grid,16,1,7.5,117.75441281501888,44.54755929845789,21.0,42.0,55.0,66.0,185.0,207.0,236.0,289.0
265,grid,16,1,10.0,75.63707784919906,41.505666401409826,20.0,31.0,37.0,40.0,140.0,171.0,209.0,268.0
266,grid,16,1,12.5,43.31864095500459,35.44561440981737,7.0,14.0,17.0,19.0,85.0,126.0,189.0,252.0
267,grid,16,1,15.0,35.57483930211203,36.842076124218764,3.0,7.0,10.0,12.0,82.0,122.0,187.0,236.0
268,grid,16,2,7.5,91.30466278951127,20.747834419272138,29.0,43.0,54.0,62.0,117.0,122.0,132.0,154.0
269,grid,16,2,10.0,65.38842975206612,10.563803495174122,34.0,43.0,49.0,52.0,79.0,84.0,93.0,114.0
270,grid,16,2,12.5,43.66452402816039,10.676652785543315,18.0,25.0,29.0,32.0,58.0,64.0,74.0,94.0
271,grid,16,2,15.0,33.03050709111315,11.38179863229388,8.0,15.0,19.0,21.0,50.0,56.0,65.0,83.0
272,grid,16,3,7.5,73.1228446076931,17.54676610152434,24.0,35.0,44.0,50.0,96.0,101.0,110.0,131.0
273,grid,16,3,10.0,55.73635343332313,8.681456719558339,29.0,37.0,42.0,45.0,67.0,70.0,77.0,92.0
274,grid,16,3,12.5,40.39822467095194,6.9032458670243795,18.0,26.0,30.0,32.0,49.0,52.0,57.0,69.0
275,grid,16,3,15.0,30.457198245077034,6.315807874340548,10.0,17.0,21.0,23.0,39.0,41.0,46.0,60.0
276,grid,16,5,7.5,49.390674420977454,11.410132073356708,15.0,25.0,31.0,35.0,64.0,69.0,76.0,90.0
277,grid,16,5,10.0,40.40057137026834,7.476585610737493,19.0,24.0,29.0,31.0,50.0,53.0,58.0,70.0
278,grid,16,5,12.5,32.09968370574431,5.914998419904048,8.0,19.0,23.0,25.0,40.0,42.0,47.0,57.0
279,grid,16,5,15.0,25.247219671462094,5.066479652921417,9.0,14.0,17.0,19.0,32.0,34.0,38.0,46.0
280,grid,16,10,7.5,22.190694827058465,5.256065156882797,4.0,11.0,14.0,16.0,29.0,31.0,36.0,45.0
281,grid,16,10,10.0,19.926232017141107,4.746933837102697,5.0,10.0,13.0,14.0,26.0,28.0,32.0,40.0
282,grid,16,10,12.5,17.532292623201712,4.277989802918871,4.0,9.0,11.0,12.0,23.0,25.0,28.0,37.0
283,grid,16,10,15.0,15.230282624222019,3.963604085026091,3.0,7.0,9.0,10.0,20.0,22.0,25.0,34.0
284,grid,16,15,7.5,11.952249770431589,3.511952173627388,1.0,5.0,7.0,8.0,17.0,18.0,21.0,26.0
285,grid,16,15,10.0,11.168860320375472,3.4085414621913377,1.0,4.0,6.0,7.0,16.0,17.0,20.0,25.0
286,grid,16,15,12.5,10.42658912355882,3.2516378561450563,1.0,4.0,5.0,6.0,15.0,16.0,19.0,24.0
287,grid,16,15,15.0,9.503724109784716,3.0976705946480054,0.0,3.0,5.0,6.0,14.0,15.0,17.0,23.0
288,grid,36,1,7.5,273.05019895928984,92.68253432206954,26.0,65.0,100.0,122.0,371.0,388.0,412.0,464.0
289,grid,36,1,10.0,202.2519130700949,35.82276632745277,121.0,142.0,154.0,162.0,256.0,272.0,297.0,331.0
290,grid,36,1,12.5,137.34006734006735,40.40290346324046,63.0,81.0,90.0,96.0,201.0,224.0,251.0,281.0
291,grid,36,1,15.0,104.42597694112845,45.790093186677026,38.0,49.0,56.0,61.0,179.0,203.0,231.0,257.0
292,grid,36,2,7.5,215.37843077237017,65.05549842829608,41.0,77.0,108.0,125.0,296.0,308.0,327.0,357.0
293,grid,36,2,10.0,167.84154678094072,20.58389806920884,91.0,119.0,133.0,140.0,194.0,200.0,211.0,240.0
294,grid,36,2,12.5,121.74563820018365,12.375624989120572,80.0,94.0,101.0,106.0,138.0,142.0,151.0,171.0
295,grid,36,2,15.0,90.39914294459749,10.84406618061376,51.0,67.0,73.0,77.0,105.0,109.0,118.0,146.0
296,grid,36,3,7.5,172.87960412202835,48.36364895072534,48.0,72.0,95.0,109.0,237.0,248.0,266.0,307.0
297,grid,36,3,10.0,139.1571268237935,20.823217071733776,69.0,91.0,104.0,111.0,165.0,172.0,183.0,210.0
298,grid,36,3,12.5,106.28527701254974,11.851624810945268,60.0,80.0,87.0,91.0,121.0,126.0,134.0,159.0
299,grid,36,3,15.0,81.21528415467809,9.218552548753857,49.0,60.0,66.0,69.0,93.0,97.0,103.0,117.0
300,grid,36,5,7.5,116.17314559738803,26.97073953253161,43.0,60.0,73.0,81.0,153.0,160.0,174.0,197.0
301,grid,36,5,10.0,98.03887358432813,16.229699363540664,46.0,62.0,71.0,77.0,119.0,124.0,134.0,160.0
302,grid,36,5,12.5,80.40781552902764,10.89206003808861,41.0,56.0,63.0,67.0,95.0,98.0,106.0,121.0
303,grid,36,5,15.0,64.83103764921947,8.636488854589354,31.0,46.0,51.0,54.0,76.0,79.0,86.0,99.0
304,grid,36,10,7.5,51.162432404856645,8.918484978398187,19.0,32.0,37.0,40.0,63.0,66.0,73.0,89.0
305,grid,36,10,10.0,46.658300173451686,7.933458645063986,20.0,29.0,34.0,37.0,57.0,60.0,66.0,86.0
306,grid,36,10,12.5,41.651974288337925,7.086115133173884,16.0,26.0,30.0,33.0,51.0,54.0,59.0,71.0
307,grid,36,10,15.0,36.935822875216815,6.463057195654842,15.0,23.0,27.0,29.0,45.0,48.0,53.0,62.0
308,grid,36,15,7.5,27.188348127742067,5.497532716445603,11.0,15.0,19.0,20.0,34.0,37.0,41.0,51.0
309,grid,36,15,10.0,25.85195388225691,5.2205728310143895,8.0,14.0,18.0,19.0,33.0,35.0,39.0,47.0
310,grid,36,15,12.5,24.14580144883175,5.050511613426235,6.0,13.0,16.0,18.0,31.0,33.0,37.0,48.0
311,grid,36,15,15.0,22.260687684930108,4.772991206052676,8.0,12.0,15.0,16.0,28.0,30.0,34.0,43.0
312,grid,49,1,7.5,374.2815018875625,137.7446783074744,35.0,80.0,128.0,155.0,521.0,535.0,560.0,613.0
313,grid,49,1,10.0,286.9153147637996,33.68034209223611,192.0,219.0,236.0,245.0,333.0,347.0,370.0,410.0
314,grid,49,1,12.5,198.89786756453424,37.00937149912904,119.0,139.0,150.0,158.0,254.0,272.0,295.0,340.0
315,grid,49,1,15.0,140.18283848586879,39.923721210550475,68.0,85.0,95.0,100.0,203.0,225.0,252.0,293.0
316,grid,49,2,7.5,296.6056524844404,95.7958032456691,62.0,99.0,140.0,165.0,418.0,432.0,456.0,501.0
317,grid,49,2,10.0,235.63769003162943,30.40903418384271,129.0,163.0,183.0,194.0,274.0,282.0,295.0,319.0
318,grid,49,2,12.5,173.06172839506172,15.096200897399253,124.0,138.0,149.0,154.0,192.0,198.0,209.0,230.0
319,grid,49,2,15.0,127.85256606468728,12.082049351637403,89.0,101.0,108.0,112.0,143.0,148.0,157.0,181.0
320,grid,49,3,7.5,238.18161412100807,69.46488421095543,67.0,100.0,127.0,146.0,331.0,346.0,366.0,402.0
321,grid,49,3,10.0,194.13855729007244,29.6439123351978,100.0,124.0,143.0,154.0,232.0,240.0,253.0,281.0
322,grid,49,3,12.5,150.0272421181512,15.43851986950469,90.0,115.0,124.0,130.0,170.0,175.0,185.0,208.0
323,grid,49,3,15.0,114.89827568615448,11.393068868793256,74.0,89.0,96.0,100.0,129.0,134.0,142.0,160.0
324,grid,49,5,7.5,159.75533108866443,37.26678839652198,58.0,84.0,100.0,111.0,211.0,221.0,236.0,260.0
325,grid,49,5,10.0,136.1768186919702,22.0471907937592,64.0,88.0,100.0,107.0,165.0,172.0,184.0,204.0
326,grid,49,5,12.5,112.16212631364147,14.02284121117673,65.0,81.0,89.0,94.0,130.0,135.0,144.0,160.0
327,grid,49,5,15.0,91.24334251606979,10.535506686565018,55.0,68.0,74.0,78.0,105.0,109.0,116.0,133.0
328,grid,49,10,7.5,70.03866952351801,11.316234892881148,34.0,45.0,52.0,56.0,85.0,89.0,97.0,109.0
329,grid,49,10,10.0,64.06060606060606,9.864421190724652,32.0,42.0,48.0,51.0,77.0,81.0,88.0,100.0
330,grid,49,10,12.5,57.680950923375164,8.586710198629083,30.0,39.0,44.0,47.0,69.0,72.0,78.0,102.0
331,grid,49,10,15.0,51.32425262728293,7.654390066632582,24.0,35.0,39.0,42.0,61.0,64.0,70.0,84.0
332,grid,49,15,7.5,37.18834812774207,6.410842302399975,16.0,23.0,27.0,29.0,46.0,48.0,53.0,70.0
333,grid,49,15,10.0,35.301091725334146,6.305769269554911,16.0,22.0,25.0,27.0,44.0,46.0,51.0,63.0
334,grid,49,15,12.5,33.15447403326191,5.940889373285958,14.0,20.0,24.0,26.0,41.0,43.0,48.0,59.0
335,grid,49,15,15.0,30.817977757371697,5.632554307383556,11.0,18.0,22.0,24.0,38.0,40.0,45.0,52.0
336,grid,81,1,7.5,624.9200081624324,257.50662436987494,59.0,112.0,190.0,233.0,908.0,930.0,958.0,1047.0
337,grid,81,1,10.0,498.1606978879706,47.030352820301545,328.0,380.0,414.0,434.0,555.0,566.0,588.0,637.0
338,grid,81,1,12.5,348.2518110396898,29.23321766823922,255.0,288.0,303.0,312.0,389.0,400.0,419.0,457.0
339,grid,81,1,15.0,244.86215692276298,33.82380022540125,157.0,186.0,199.0,207.0,295.0,311.0,333.0,365.0
340,grid,81,2,7.5,497.4729109274564,175.03762187108168,106.0,153.0,220.0,261.0,724.0,751.0,782.0,860.0
341,grid,81,2,10.0,403.93184368941945,57.190371079297876,210.0,260.0,303.0,323.0,472.0,484.0,504.0,561.0
342,grid,81,2,12.5,301.3803693500663,23.43335939910396,198.0,247.0,262.0,271.0,331.0,339.0,353.0,384.0
343,grid,81,2,15.0,224.4752576267728,16.176282013588093,171.0,187.0,197.0,204.0,245.0,251.0,261.0,281.0
344,grid,81,3,7.5,399.6996224875013,123.618065626469,115.0,158.0,204.0,240.0,569.0,592.0,624.0,710.0
345,grid,81,3,10.0,331.00489745944293,53.662594895337726,168.0,206.0,240.0,258.0,398.0,410.0,429.0,466.0
346,grid,81,3,12.5,259.4225079073564,24.630209482186253,179.0,203.0,217.0,226.0,291.0,299.0,311.0,354.0
347,grid,81,3,15.0,200.79349046015713,16.03637720327982,146.0,164.0,175.0,180.0,221.0,227.0,238.0,260.0
348,grid,81,5,7.5,267.73788388939903,63.75239671815193,101.0,139.0,167.0,185.0,356.0,371.0,395.0,431.0
349,grid,81,5,10.0,230.21875318845017,37.263606495623904,111.0,146.0,168.0,181.0,279.0,289.0,307.0,329.0
350,grid,81,5,12.5,191.68299153147638,22.159875935763942,114.0,140.0,155.0,163.0,220.0,227.0,240.0,263.0
351,grid,81,5,15.0,157.566370778492,15.161650064257921,98.0,122.0,132.0,138.0,177.0,183.0,192.0,208.0
352,grid,81,10,7.5,116.83318028772574,16.96968569555431,65.0,80.0,89.0,95.0,139.0,145.0,155.0,174.0
353,grid,81,10,10.0,107.4297520661157,14.274453148268988,61.0,75.0,84.0,89.0,126.0,131.0,140.0,161.0
354,grid,81,10,12.5,97.07937965513723,12.026796606386805,54.0,70.0,78.0,82.0,113.0,117.0,126.0,141.0
355,grid,81,10,15.0,86.63554739312315,10.488449272161457,52.0,63.0,69.0,74.0,100.0,104.0,112.0,126.0
356,grid,81,15,7.5,61.766044281195796,8.567624961656636,32.0,43.0,48.0,51.0,73.0,76.0,83.0,98.0
357,grid,81,15,10.0,58.63269054178145,8.302291040539693,30.0,40.0,45.0,48.0,70.0,72.0,79.0,91.0
358,grid,81,15,12.5,55.28109376594225,7.895401976961094,29.0,38.0,43.0,45.0,65.0,69.0,74.0,87.0
359,grid,81,15,15.0,51.52627282930313,7.534578214144449,25.0,35.0,39.0,42.0,61.0,64.0,69.0,79.0
360,spiral,4,1,7.5,31.88348127742067,41.6743793726332,0.0,0.0,2.0,2.0,90.0,127.0,191.0,238.0
361,spiral,4,1,10.0,27.707682889501072,42.99718162791517,0.0,0.0,1.0,1.0,87.0,133.0,196.0,269.0
362,spiral,4,1,12.5,22.88062442607897,34.82552065873496,0.0,0.0,0.0,1.0,59.0,99.0,177.0,242.0
363,spiral,4,1,15.0,20.520763187429854,34.64795477063423,0.0,0.0,1.0,1.0,57.0,101.0,174.0,232.0
364,spiral,4,2,7.5,26.046831955922865,19.302725061232543,0.0,2.0,4.0,6.0,56.0,63.0,74.0,102.0
365,spiral,4,2,10.0,22.85838179777574,20.759424907031946,0.0,1.0,2.0,4.0,56.0,68.0,84.0,109.0
366,spiral,4,2,12.5,19.529027650239772,16.084259285365054,0.0,0.0,2.0,3.0,44.0,50.0,61.0,82.0
367,spiral,4,2,15.0,16.692378328741967,14.063615435606021,0.0,1.0,2.0,3.0,39.0,47.0,58.0,75.0
368,spiral,4,3,7.5,21.194980104071014,11.876530367758086,0.0,3.0,6.0,7.0,38.0,43.0,51.0,63.0
369,spiral,4,3,10.0,18.82869094990307,12.502901906213983,0.0,1.0,3.0,5.0,38.0,43.0,53.0,70.0
370,spiral,4,3,12.5,16.496684011835526,10.825965294689368,0.0,1.0,2.0,4.0,32.0,36.0,42.0,52.0
371,spiral,4,3,15.0,14.108662381389655,7.983410987235029,0.0,2.0,3.0,5.0,26.0,29.0,34.0,42.0
372,spiral,4,5,7.5,14.248342005917763,5.885982056780082,0.0,3.0,6.0,7.0,22.0,25.0,30.0,38.0
373,spiral,4,5,10.0,12.969390878481788,6.106249149185265,0.0,2.0,4.0,5.0,21.0,24.0,28.0,42.0
374,spiral,4,5,12.5,11.548005305581063,5.984314970071917,0.0,1.0,3.0,4.0,20.0,22.0,27.0,39.0
375,spiral,4,5,15.0,10.271911029486787,4.218696961297633,0.0,2.0,4.0,5.0,16.0,17.0,21.0,29.0
376,spiral,4,10,7.5,5.973574125089277,2.5645459239763815,0.0,1.0,2.0,3.0,9.0,10.0,13.0,18.0
377,spiral,4,10,10.0,5.751045811651872,2.560492531908987,0.0,1.0,2.0,3.0,9.0,10.0,12.0,17.0
378,spiral,4,10,12.5,5.398326701357004,2.6122964419320387,0.0,1.0,2.0,2.0,9.0,10.0,12.0,17.0
379,spiral,4,10,15.0,4.9757167635955515,2.309008292081761,0.0,1.0,2.0,2.0,8.0,9.0,11.0,15.0
380,spiral,4,15,7.5,3.117028874604632,1.793683662067037,0.0,0.0,1.0,1.0,6.0,6.0,8.0,12.0
381,spiral,4,15,10.0,3.0432608917457404,1.7625512236031313,0.0,0.0,1.0,1.0,5.0,6.0,8.0,13.0
382,spiral,4,15,12.5,2.9152127333945517,1.7395611606009624,0.0,0.0,0.0,1.0,5.0,6.0,8.0,12.0
383,spiral,4,15,15.0,2.800326497296194,1.685332844507791,0.0,0.0,0.0,1.0,5.0,6.0,7.0,11.0
384,spiral,16,1,7.5,128.60810121416182,100.9744329534499,2.0,7.0,12.0,17.0,274.0,299.0,339.0,386.0
385,spiral,16,1,10.0,118.31945719824508,69.55632037319113,3.0,11.0,20.0,30.0,220.0,246.0,283.0,349.0
386,spiral,16,1,12.5,98.35608611366187,62.179812435624704,3.0,16.0,28.0,35.0,198.0,226.0,265.0,330.0
387,spiral,16,1,15.0,82.91143760840731,57.04267938558813,7.0,14.0,20.0,24.0,173.0,202.0,243.0,291.0
388,spiral,16,2,7.5,105.34363840424446,61.32116385725183,6.0,15.0,24.0,31.0,195.0,210.0,229.0,259.0
389,spiral,16,2,10.0,94.73319049076625,35.79567292703535,10.0,21.0,32.0,43.0,139.0,149.0,166.0,192.0
390,spiral,16,2,12.5,80.99846954392409,24.50293315076449,17.0,28.0,42.0,50.0,114.0,123.0,140.0,166.0
391,spiral,16,2,15.0,67.15294357718601,20.520151024277503,19.0,27.0,35.0,40.0,95.0,103.0,116.0,140.0
392,spiral,16,3,7.5,85.5315784103663,39.73712015407217,9.0,21.0,29.0,36.0,143.0,155.0,170.0,195.0
393,spiral,16,3,10.0,76.86256504438323,25.07773828244888,13.0,25.0,35.0,43.0,109.0,117.0,128.0,150.0
394,spiral,16,3,12.5,66.57330884603611,15.769218625375986,18.0,29.0,40.0,46.0,87.0,92.0,102.0,119.0
395,spiral,16,3,15.0,56.16539128660341,12.046888721873287,16.0,31.0,37.0,41.0,72.0,76.0,84.0,102.0
396,spiral,16,5,7.5,56.80399959187838,18.454322874974267,12.0,22.0,29.0,33.0,83.0,89.0,98.0,114.0
397,spiral,16,5,10.0,51.97734925007652,13.949831297861774,13.0,23.0,30.0,34.0,70.0,75.0,84.0,101.0
398,spiral,16,5,12.5,46.280583613916946,10.162561932922149,15.0,24.0,30.0,33.0,59.0,63.0,70.0,87.0
399,spiral,16,5,15.0,40.472502805836136,8.010150938653497,14.0,23.0,28.0,30.0,51.0,54.0,60.0,72.0
400,spiral,16,10,7.5,24.094072033465974,5.737687301016226,7.0,12.0,15.0,17.0,32.0,34.0,38.0,49.0
401,spiral,16,10,10.0,22.845117845117844,5.376061706717106,6.0,11.0,14.0,16.0,30.0,32.0,36.0,43.0
402,spiral,16,10,12.5,21.453525150494848,5.074941697391237,6.0,11.0,13.0,15.0,28.0,30.0,34.0,45.0
403,spiral,16,10,15.0,19.895826956433016,4.720022058862778,4.0,10.0,12.0,14.0,26.0,28.0,32.0,39.0
404,spiral,16,15,7.5,12.426691153963882,3.602643566704848,2.0,5.0,7.0,8.0,17.0,19.0,21.0,27.0
405,spiral,16,15,10.0,12.115702479338843,3.5747700712040635,1.0,5.0,7.0,8.0,17.0,18.0,21.0,27.0
406,spiral,16,15,12.5,11.656871747780839,3.417980324669119,0.0,5.0,6.0,7.0,16.0,18.0,20.0,28.0
407,spiral,16,15,15.0,11.12968064483216,3.3886770154668597,0.0,4.0,6.0,7.0,16.0,17.0,20.0,27.0
408,spiral,36,1,7.5,289.6104479134782,219.90263511548696,8.0,16.0,28.0,40.0,597.0,622.0,656.0,714.0
409,spiral,36,1,10.0,268.0181614121008,109.88471143841694,11.0,28.0,53.0,82.0,384.0,402.0,428.0,477.0
410,spiral,36,1,12.5,220.23813896541168,59.18617390641942,33.0,72.0,116.0,148.0,299.0,316.0,343.0,386.0
411,spiral,36,1,15.0,169.2001836547291,58.895681330871376,46.0,71.0,90.0,102.0,257.0,278.0,311.0,353.0
412,spiral,36,2,7.5,237.15131109070504,136.44864787663434,19.0,35.0,55.0,71.0,440.0,465.0,493.0,544.0
413,spiral,36,2,10.0,214.12610958065503,74.41888198415566,28.0,50.0,79.0,104.0,304.0,316.0,335.0,379.0
414,spiral,36,2,12.5,180.71451892664012,35.681364918746056,39.0,80.0,111.0,131.0,221.0,230.0,245.0,280.0
415,spiral,36,2,15.0,145.13590449954086,21.225145052325487,66.0,89.0,111.0,119.0,172.0,181.0,193.0,230.0
416,spiral,36,3,7.5,192.60534639322518,87.92378476464116,29.0,49.0,68.0,83.0,322.0,343.0,370.0,414.0
417,spiral,36,3,10.0,173.26517702275277,53.43470031474439,35.0,59.0,82.0,99.0,243.0,254.0,271.0,309.0
418,spiral,36,3,12.5,148.90715233139477,29.69372879419578,47.0,73.0,95.0,109.0,185.0,192.0,206.0,232.0
419,spiral,36,3,15.0,123.76696255484134,17.52325765863898,55.0,80.0,94.0,101.0,146.0,151.0,162.0,179.0
420,spiral,36,5,7.5,128.02275278032855,39.778575393209245,34.0,53.0,67.0,78.0,184.0,196.0,213.0,242.0
421,spiral,36,5,10.0,116.87929803081319,28.2565574410903,42.0,57.0,71.0,80.0,155.0,163.0,176.0,205.0
422,spiral,36,5,12.5,103.59810223446587,19.52414709099502,42.0,59.0,71.0,78.0,129.0,135.0,145.0,175.0
423,spiral,36,5,15.0,90.305887154372,14.050076423874058,44.0,57.0,66.0,72.0,108.0,113.0,122.0,143.0
424,spiral,36,10,7.5,54.1924293439445,10.085984168691162,22.0,32.0,38.0,41.0,67.0,71.0,79.0,96.0
425,spiral,36,10,10.0,51.4697479848995,9.171846661066528,21.0,31.0,37.0,40.0,63.0,67.0,73.0,84.0
426,spiral,36,10,12.5,48.21681461075401,8.384618857137523,21.0,30.0,35.0,38.0,59.0,62.0,69.0,81.0
427,spiral,36,10,15.0,44.70962146719722,7.5745021363502465,21.0,28.0,33.0,35.0,55.0,57.0,63.0,79.0
428,spiral,36,15,7.5,28.13100704009795,5.634406334062549,10.0,16.0,19.0,21.0,35.0,38.0,42.0,52.0
429,spiral,36,15,10.0,27.281297826752372,5.508871455845864,10.0,15.0,19.0,20.0,34.0,37.0,41.0,52.0
430,spiral,36,15,12.5,26.217732884399553,5.369932559993354,7.0,15.0,18.0,19.0,33.0,35.0,39.0,46.0
431,spiral,36,15,15.0,25.124783185389244,5.207894987754272,6.0,14.0,17.0,19.0,32.0,34.0,38.0,45.0
432,spiral,49,1,7.5,394.39475563717986,299.10258518215903,11.0,23.0,38.0,54.0,811.0,842.0,885.0,946.0
433,spiral,49,1,10.0,365.3729211304969,146.1459597951977,10.0,39.0,71.0,115.0,510.0,525.0,551.0,628.0
434,spiral,49,1,12.5,300.6749311294766,60.16234399517888,43.0,93.0,182.0,233.0,368.0,383.0,408.0,454.0
435,spiral,49,1,15.0,229.74778083868992,50.98242725099046,78.0,137.0,157.0,168.0,302.0,318.0,343.0,384.0
436,spiral,49,2,7.5,322.9753086419753,185.4169131799014,28.0,49.0,74.0,97.0,598.0,632.0,670.0,737.0
437,spiral,49,2,10.0,292.13743495561675,100.45326307773416,46.0,70.0,109.0,144.0,412.0,426.0,450.0,497.0
438,spiral,49,2,12.5,246.08458320579533,46.560354745966414,57.0,107.0,151.0,182.0,297.0,307.0,322.0,359.0
439,spiral,49,2,15.0,197.44954596469748,23.248745404633226,88.0,135.0,157.0,168.0,226.0,234.0,248.0,271.0
440,spiral,49,3,7.5,261.92357922660955,119.1661929781569,38.0,66.0,92.0,115.0,439.0,467.0,498.0,554.0
441,spiral,49,3,10.0,235.84695439240895,72.09114928960555,49.0,82.0,110.0,135.0,329.0,342.0,363.0,402.0
442,spiral,49,3,12.5,202.73523109886747,39.279554116159275,64.0,100.0,130.0,149.0,250.0,259.0,275.0,303.0
443,spiral,49,3,15.0,168.48239975512703,22.11994188031855,84.0,110.0,129.0,139.0,196.0,202.0,214.0,233.0
444,spiral,49,5,7.5,174.33414957657382,53.48256656184243,46.0,74.0,94.0,106.0,250.0,265.0,287.0,316.0
445,spiral,49,5,10.0,158.9823487399245,38.032289572556685,50.0,78.0,97.0,109.0,210.0,220.0,236.0,265.0
446,spiral,49,5,12.5,141.24487297214569,25.72926609225855,61.0,81.0,97.0,107.0,175.0,182.0,194.0,225.0
447,spiral,49,5,15.0,122.88266503418019,17.7250683966892,58.0,81.0,93.0,99.0,145.0,151.0,161.0,183.0
448,spiral,49,10,7.5,73.72329354147536,12.717727589862191,27.0,46.0,53.0,57.0,90.0,95.0,103.0,124.0
449,spiral,49,10,10.0,69.91062136516682,11.44243255433577,33.0,45.0,51.0,55.0,85.0,89.0,96.0,114.0
450,spiral,49,10,12.5,65.34374043464952,10.272846152464439,31.0,43.0,49.0,52.0,79.0,82.0,90.0,105.0
451,spiral,49,10,15.0,60.80246913580247,9.329351003614855,28.0,40.0,46.0,49.0,73.0,76.0,83.0,99.0
452,spiral,49,15,7.5,38.25140291806959,6.623479207297072,17.0,24.0,28.0,30.0,47.0,49.0,54.0,66.0
453,spiral,49,15,10.0,37.15977961432507,6.4915930275314615,14.0,23.0,27.0,29.0,46.0,48.0,53.0,65.0
454,spiral,49,15,12.5,35.71768186919702,6.385003615463304,14.0,22.0,26.0,28.0,44.0,47.0,51.0,62.0
455,spiral,49,15,15.0,34.09601061116213,6.146318599352966,12.0,21.0,24.0,26.0,42.0,45.0,49.0,57.0
456,spiral,81,1,7.5,652.282420161208,495.2922429269215,23.0,39.0,65.0,90.0,1343.0,1388.0,1453.0,1549.0
457,spiral,81,1,10.0,604.7375777981839,240.2191622214756,26.0,65.0,119.0,189.0,836.0,855.0,891.0,965.0
458,spiral,81,1,12.5,497.850423426181,83.53427180466956,67.0,152.0,325.0,416.0,570.0,583.0,607.0,646.0
459,spiral,81,1,15.0,379.94194469952043,35.68566924900549,197.0,294.0,323.0,336.0,426.0,439.0,462.0,505.0
460,spiral,81,2,7.5,533.9529639832671,305.76573809843,47.0,83.0,122.0,162.0,993.0,1038.0,1089.0,1153.0
461,spiral,81,2,10.0,482.8995000510152,165.0979581425325,68.0,117.0,178.0,236.0,679.0,698.0,728.0,768.0
462,spiral,81,2,12.5,407.16998265483113,74.37339839229647,106.0,178.0,256.0,302.0,486.0,498.0,520.0,565.0
463,spiral,81,2,15.0,326.27721661054994,33.12213133806452,144.0,226.0,266.0,284.0,365.0,374.0,390.0,428.0
464,spiral,81,3,7.5,433.16998265483113,195.72484867024633,74.0,111.0,154.0,190.0,725.0,767.0,814.0,879.0
465,spiral,81,3,10.0,390.1863075196409,117.24377086306161,90.0,139.0,189.0,226.0,541.0,561.0,589.0,640.0
466,spiral,81,3,12.5,335.2350780532599,62.58832704094296,119.0,170.0,216.0,248.0,409.0,420.0,442.0,476.0
467,spiral,81,3,15.0,278.34700540761145,33.090207369455506,142.0,189.0,218.0,234.0,318.0,327.0,343.0,380.0
468,spiral,81,5,7.5,288.46546270788696,87.33855457883111,87.0,125.0,155.0,177.0,414.0,436.0,464.0,504.0
469,spiral,81,5,10.0,263.01234567901236,61.40634046861329,91.0,135.0,162.0,181.0,345.0,360.0,382.0,426.0
470,spiral,81,5,12.5,233.5174982144679,40.496519478771546,99.0,139.0,162.0,179.0,285.0,296.0,313.0,344.0
471,spiral,81,5,15.0,203.3416998265483,26.819573566734586,108.0,137.0,157.0,168.0,237.0,245.0,258.0,280.0
472,spiral,81,10,7.5,121.65881032547699,18.923193237255177,64.0,80.0,91.0,97.0,147.0,153.0,164.0,188.0
473,spiral,81,10,10.0,115.54749515355576,16.735603196362216,59.0,79.0,88.0,94.0,137.0,143.0,154.0,172.0
474,spiral,81,10,12.5,108.3877155392307,14.609024529006225,54.0,76.0,84.0,90.0,127.0,133.0,142.0,158.0
475,spiral,81,10,15.0,100.299153147638,12.890293466147948,55.0,71.0,80.0,84.0,117.0,122.0,130.0,154.0
476,spiral,81,15,7.5,63.270584634220995,8.98471311978955,34.0,44.0,49.0,52.0,75.0,78.0,85.0,100.0
477,spiral,81,15,10.0,61.455769819406186,8.592873404232158,33.0,42.0,48.0,51.0,73.0,76.0,82.0,98.0
478,spiral,81,15,12.5,59.113559840832565,8.48591027445607,30.0,40.0,46.0,48.0,70.0,73.0,80.0,90.0
479,spiral,81,15,15.0,56.51851851851852,8.139163591542419,25.0,39.0,43.0,46.0,67.0,70.0,76.0,87.0
