,grid_type,number_lights,height,width,mirror_offset,mean,std,min,1,5,10,90,95,99,max
0,ogrid,4,1,7.5,0.1,24.200897867564535,60.771472446283,0.0,0.0,0.0,0.0,52.0,106.0,335.0,734.0
1,ogrid,4,1,7.5,1.0,25.352719110294867,52.61433941788048,0.0,0.0,0.0,0.0,62.0,133.0,292.0,405.0
2,ogrid,4,1,7.5,2.5,26.53321089684726,39.07308527939664,0.0,1.0,3.0,4.0,80.0,116.0,188.0,242.0
3,ogrid,4,1,7.5,5.0,21.925517804305684,35.32518867613165,0.0,0.0,2.0,2.0,62.0,102.0,179.0,231.0
4,ogrid,4,1,7.5,10.0,20.765942250790737,34.896320662037,0.0,0.0,1.0,2.0,61.0,100.0,172.0,225.0
5,ogrid,4,1,10.0,0.1,22.820834608713398,56.419802385072074,0.0,1.0,2.0,3.0,46.0,97.0,307.0,689.0
6,ogrid,4,1,10.0,1.0,14.475359657177838,30.53188715068336,0.0,0.0,1.0,2.0,29.0,60.0,178.0,345.0
7,ogrid,4,1,10.0,2.5,10.852770125497399,23.290998691951184,0.0,0.0,1.0,1.0,22.0,45.0,137.0,241.0
8,ogrid,4,1,10.0,5.0,9.569431690643812,22.10218498560945,0.0,0.0,0.0,1.0,19.0,42.0,129.0,223.0
9,ogrid,4,1,10.0,10.0,9.009284766860524,22.047981169121513,0.0,0.0,0.0,0.0,18.0,41.0,128.0,224.0
10,ogrid,4,1,12.5,0.1,5.133659830629528,6.6719515754315175,0.0,0.0,0.0,1.0,11.0,17.0,37.0,73.0
11,ogrid,4,1,12.5,1.0,3.8426691153963883,4.617514066802702,0.0,0.0,0.0,1.0,8.0,12.0,25.0,49.0
12,ogrid,4,1,12.5,2.5,3.0095908580757067,3.823377076631242,0.0,0.0,0.0,0.0,6.0,9.0,20.0,47.0
13,ogrid,4,1,12.5,5.0,2.478114478114478,3.6254262499579055,0.0,0.0,0.0,0.0,5.0,8.0,19.0,50.0
14,ogrid,4,1,12.5,10.0,2.166105499438833,3.472068209578474,0.0,0.0,0.0,0.0,5.0,8.0,18.0,48.0
15,ogrid,4,1,15.0,0.1,2.0460157126823795,1.9914685629962454,0.0,0.0,0.0,0.0,4.0,6.0,10.0,20.0
16,ogrid,4,1,15.0,1.0,1.69309254157739,1.672649877591029,0.0,0.0,0.0,0.0,4.0,5.0,8.0,15.0
17,ogrid,4,1,15.0,2.5,1.3437404346495256,1.4280320124547725,0.0,0.0,0.0,0.0,3.0,4.0,6.0,13.0
18,ogrid,4,1,15.0,5.0,1.0565248444036324,1.2615625918138238,0.0,0.0,0.0,0.0,3.0,3.0,6.0,13.0
19,ogrid,4,1,15.0,10.0,0.9005203550658096,1.200194154369089,0.0,0.0,0.0,0.0,2.0,3.0,5.0,11.0
20,ogrid,4,2,7.5,0.1,23.350678502193652,29.902916951336824,0.0,0.0,0.0,0.0,58.0,85.0,145.0,204.0
21,ogrid,4,2,7.5,1.0,24.108458320579533,26.460423961095575,0.0,0.0,0.0,0.0,58.0,80.0,129.0,174.0
22,ogrid,4,2,7.5,2.5,25.144373023160902,19.08931293678088,0.0,5.0,7.0,9.0,57.0,69.0,81.0,99.0
23,ogrid,4,2,7.5,5.0,18.09917355371901,13.609489430597806,0.0,2.0,4.0,6.0,40.0,48.0,58.0,78.0
24,ogrid,4,2,7.5,10.0,15.714416896235077,12.898636528435109,0.0,1.0,3.0,4.0,36.0,44.0,54.0,73.0
25,ogrid,4,2,10.0,0.1,22.86623813896541,24.81044891758945,0.0,4.0,6.0,7.0,51.0,76.0,134.0,197.0
26,ogrid,4,2,10.0,1.0,17.07774716865626,17.19670421088026,0.0,2.0,4.0,5.0,37.0,54.0,92.0,138.0
27,ogrid,4,2,10.0,2.5,12.32415059687787,11.564192812643297,0.0,1.0,3.0,4.0,27.0,39.0,59.0,80.0
28,ogrid,4,2,10.0,5.0,9.740944801550862,9.804086708992473,0.0,1.0,2.0,3.0,22.0,32.0,49.0,71.0
29,ogrid,4,2,10.0,10.0,8.575961636567698,9.522577988011385,0.0,0.0,1.0,2.0,20.0,31.0,47.0,68.0
30,ogrid,4,2,12.5,0.1,9.09070503009897,7.9104670244472315,0.0,1.0,2.0,3.0,18.0,25.0,43.0,65.0
31,ogrid,4,2,12.5,1.0,7.194367921640649,6.001876463276129,0.0,1.0,2.0,2.0,14.0,19.0,32.0,50.0
32,ogrid,4,2,12.5,2.5,5.465156616671768,4.586218458987218,0.0,0.0,1.0,2.0,11.0,14.0,24.0,42.0
33,ogrid,4,2,12.5,5.0,4.386695235180084,4.139842336099924,0.0,0.0,0.0,1.0,9.0,12.0,22.0,38.0
34,ogrid,4,2,12.5,10.0,3.700744821956943,3.8465792965629118,0.0,0.0,0.0,1.0,8.0,11.0,19.0,40.0
35,ogrid,4,2,15.0,0.1,4.2197734925007655,3.1404007572841266,0.0,0.0,1.0,1.0,8.0,10.0,16.0,27.0
36,ogrid,4,2,15.0,1.0,3.4873992449750024,2.5755930588528892,0.0,0.0,0.0,1.0,7.0,8.0,13.0,25.0
37,ogrid,4,2,15.0,2.5,2.768901132537496,2.196024667644634,0.0,0.0,0.0,1.0,5.0,7.0,10.0,17.0
38,ogrid,4,2,15.0,5.0,2.2105907560453013,1.938850425721733,0.0,0.0,0.0,0.0,5.0,6.0,9.0,20.0
39,ogrid,4,2,15.0,10.0,1.8390980512192634,1.8212448281004232,0.0,0.0,0.0,0.0,4.0,5.0,8.0,18.0
40,ogrid,4,3,7.5,0.1,22.48137945107642,22.1233541044738,0.0,0.0,0.0,0.0,51.0,61.0,83.0,110.0
41,ogrid,4,3,7.5,1.0,23.136516681971226,18.229699412980903,0.0,0.0,0.0,0.0,46.0,56.0,76.0,101.0
42,ogrid,4,3,7.5,2.5,24.037955310682584,11.22543517737188,3.0,8.0,11.0,12.0,41.0,48.0,57.0,73.0
43,ogrid,4,3,7.5,5.0,16.518212427303336,7.457179731382424,2.0,4.0,7.0,8.0,27.0,31.0,36.0,50.0
44,ogrid,4,3,7.5,10.0,13.006836037139067,6.491693278555742,0.0,2.0,4.0,6.0,22.0,25.0,31.0,43.0
45,ogrid,4,3,10.0,0.1,22.526680950923375,14.014856755227187,3.0,7.0,9.0,11.0,40.0,53.0,76.0,102.0
46,ogrid,4,3,10.0,1.0,18.042240587695133,11.00838885953785,1.0,5.0,7.0,8.0,33.0,41.0,60.0,80.0
47,ogrid,4,3,10.0,2.5,13.302520151005,7.579837472115774,0.0,3.0,5.0,6.0,24.0,29.0,39.0,54.0
48,ogrid,4,3,10.0,5.0,9.894296500357106,5.90284994758988,0.0,2.0,3.0,4.0,18.0,22.0,29.0,39.0
49,ogrid,4,3,10.0,10.0,8.118967452300785,5.339693215476551,0.0,1.0,2.0,3.0,16.0,20.0,26.0,35.0
50,ogrid,4,3,12.5,0.1,11.326599326599327,6.85728075200816,1.0,2.0,4.0,5.0,20.0,25.0,36.0,57.0
51,ogrid,4,3,12.5,1.0,9.221712070196919,5.436757562156,0.0,2.0,3.0,4.0,16.0,20.0,28.0,53.0
52,ogrid,4,3,12.5,2.5,7.141516171819202,4.240123438987108,0.0,1.0,2.0,3.0,13.0,16.0,22.0,32.0
53,ogrid,4,3,12.5,5.0,5.525558616467707,3.642697171892154,0.0,0.0,1.0,2.0,10.0,13.0,18.0,29.0
54,ogrid,4,3,12.5,10.0,4.479338842975206,3.3086022584733987,0.0,0.0,1.0,1.0,9.0,11.0,16.0,30.0
55,ogrid,4,3,15.0,0.1,6.025303540455056,3.4947703101431156,0.0,1.0,2.0,2.0,11.0,13.0,18.0,29.0
56,ogrid,4,3,15.0,1.0,5.043566982960923,2.9725883831384055,0.0,0.0,1.0,2.0,9.0,11.0,15.0,23.0
57,ogrid,4,3,15.0,2.5,3.995408631772268,2.469336351528664,0.0,0.0,1.0,1.0,7.0,9.0,12.0,20.0
58,ogrid,4,3,15.0,5.0,3.1560044893378225,2.190090684884953,0.0,0.0,0.0,1.0,6.0,7.0,10.0,17.0
59,ogrid,4,3,15.0,10.0,2.5282114069992856,2.0232918176087704,0.0,0.0,0.0,0.0,5.0,6.0,9.0,16.0
60,ogrid,4,5,7.5,0.1,20.86042240587695,18.53203960646089,0.0,0.0,0.0,0.0,43.0,46.0,53.0,65.0
61,ogrid,4,5,7.5,1.0,21.447811447811446,14.191791780425065,0.0,0.0,0.0,0.0,37.0,40.0,46.0,57.0
62,ogrid,4,5,7.5,2.5,22.370778491990613,6.076062705589492,5.0,11.0,13.0,15.0,30.0,34.0,39.0,48.0
63,ogrid,4,5,7.5,5.0,15.122844607693093,4.513740035320172,3.0,6.0,8.0,10.0,21.0,23.0,27.0,33.0
64,ogrid,4,5,7.5,10.0,10.243240485664728,3.578839547835248,0.0,3.0,5.0,6.0,15.0,16.0,19.0,26.0
65,ogrid,4,5,10.0,0.1,21.34771962044689,6.4141093734467125,4.0,10.0,12.0,14.0,30.0,33.0,40.0,51.0
66,ogrid,4,5,10.0,1.0,18.02458932761963,5.866113884864262,3.0,7.0,10.0,11.0,26.0,29.0,35.0,46.0
67,ogrid,4,5,10.0,2.5,13.912968064483216,4.7355185977950365,1.0,5.0,7.0,8.0,20.0,23.0,27.0,36.0
68,ogrid,4,5,10.0,5.0,10.052443628201203,3.6717282032694465,0.0,3.0,5.0,6.0,15.0,17.0,20.0,27.0
69,ogrid,4,5,10.0,10.0,7.251300887664524,3.0275079013629758,0.0,1.0,3.0,4.0,11.0,13.0,15.0,22.0
70,ogrid,4,5,12.5,0.1,12.858177736965615,4.69233905607859,2.0,4.0,6.0,7.0,19.0,22.0,26.0,42.0
71,ogrid,4,5,12.5,1.0,11.010917253341496,4.108191848818225,0.0,3.0,5.0,6.0,16.0,18.0,23.0,32.0
72,ogrid,4,5,12.5,2.5,8.747066625854504,3.5511333002437007,0.0,2.0,4.0,5.0,13.0,15.0,19.0,25.0
73,ogrid,4,5,12.5,5.0,6.548209366391185,2.8779809444006133,0.0,1.0,2.0,3.0,10.0,12.0,14.0,21.0
74,ogrid,4,5,12.5,10.0,4.930109172533415,2.493847644134343,0.0,1.0,1.0,2.0,8.0,9.0,12.0,19.0
75,ogrid,4,5,15.0,0.1,7.974084277114581,3.3441425202332185,0.0,2.0,3.0,4.0,12.0,14.0,18.0,27.0
76,ogrid,4,5,15.0,1.0,6.878073665952454,2.9851740243747558,0.0,1.0,3.0,3.0,11.0,12.0,15.0,22.0
77,ogrid,4,5,15.0,2.5,5.601061116212631,2.6219496240541282,0.0,1.0,2.0,3.0,9.0,10.0,13.0,23.0
78,ogrid,4,5,15.0,5.0,4.348433833282318,2.248628655300813,0.0,0.0,1.0,2.0,7.0,8.0,10.0,16.0
79,ogrid,4,5,15.0,10.0,3.3101724313845526,2.0048170692952803,0.0,0.0,1.0,1.0,6.0,7.0,9.0,15.0
80,ogrid,4,10,7.5,0.1,17.32282420161208,15.293111377650844,0.0,0.0,0.0,0.0,35.0,38.0,42.0,50.0
81,ogrid,4,10,7.5,1.0,17.985307621671257,11.707667184399952,0.0,0.0,0.0,0.0,30.0,32.0,36.0,47.0
82,ogrid,4,10,7.5,2.5,19.077237016630956,4.537350031626399,5.0,9.0,12.0,13.0,25.0,27.0,31.0,37.0
83,ogrid,4,10,7.5,5.0,13.177532904805632,3.659174982068611,3.0,5.0,7.0,9.0,18.0,19.0,22.0,28.0
84,ogrid,4,10,7.5,10.0,7.707682889501071,2.815510690218033,0.0,2.0,3.0,4.0,11.0,13.0,15.0,22.0
85,ogrid,4,10,10.0,0.1,18.50178553208856,4.360832183919881,4.0,9.0,12.0,13.0,24.0,26.0,29.0,39.0
86,ogrid,4,10,10.0,1.0,16.06611570247934,4.0998798888540176,3.0,7.0,10.0,11.0,21.0,23.0,26.0,32.0
87,ogrid,4,10,10.0,2.5,12.921334557698193,3.6551192650234112,2.0,5.0,7.0,8.0,18.0,19.0,22.0,34.0
88,ogrid,4,10,10.0,5.0,9.470768288950108,3.16904402431338,1.0,3.0,5.0,6.0,14.0,15.0,18.0,24.0
89,ogrid,4,10,10.0,10.0,6.013365983062953,2.4839295553080727,0.0,1.0,2.0,3.0,9.0,10.0,12.0,18.0
90,ogrid,4,10,12.5,0.1,12.564330170390777,3.5889684882240496,2.0,5.0,7.0,8.0,17.0,19.0,22.0,29.0
91,ogrid,4,10,12.5,1.0,11.154269972451791,3.419945216418389,1.0,4.0,6.0,7.0,16.0,17.0,20.0,25.0
92,ogrid,4,10,12.5,2.5,9.21477400265279,3.069525635371535,0.0,3.0,4.0,5.0,13.0,15.0,17.0,24.0
93,ogrid,4,10,12.5,5.0,6.976226915620855,2.70328887182864,0.0,2.0,3.0,4.0,11.0,12.0,14.0,19.0
94,ogrid,4,10,12.5,10.0,4.698602183450668,2.1998337502440295,0.0,1.0,1.0,2.0,8.0,9.0,11.0,15.0
95,ogrid,4,10,15.0,0.1,8.927762473217019,3.062803089013222,0.0,3.0,4.0,5.0,13.0,14.0,17.0,23.0
96,ogrid,4,10,15.0,1.0,7.97836955412713,2.890220332182631,0.0,2.0,4.0,4.0,12.0,13.0,15.0,21.0
97,ogrid,4,10,15.0,2.5,6.658096112641567,2.628578622814021,0.0,1.0,3.0,3.0,10.0,11.0,14.0,23.0
98,ogrid,4,10,15.0,5.0,5.215692276298337,2.3013467736402005,0.0,1.0,2.0,2.0,8.0,9.0,11.0,16.0
99,ogrid,4,10,15.0,10.0,3.661259055198449,1.8991344256000469,0.0,0.0,1.0,1.0,6.0,7.0,9.0,15.0
100,ogrid,4,15,7.5,0.1,14.57208448117539,12.960959179087018,0.0,0.0,0.0,0.0,30.0,32.0,37.0,45.0
101,ogrid,4,15,7.5,1.0,15.445872870115295,10.159505049885388,0.0,0.0,0.0,0.0,26.0,28.0,32.0,42.0
102,ogrid,4,15,7.5,2.5,16.58800122436486,4.0738558258817825,4.0,8.0,10.0,12.0,22.0,24.0,27.0,36.0
103,ogrid,4,15,7.5,5.0,11.666462605856545,3.4871850790264434,1.0,5.0,6.0,7.0,16.0,18.0,21.0,29.0
104,ogrid,4,15,7.5,10.0,6.706662585450465,2.6191756541616944,0.0,1.0,3.0,3.0,10.0,11.0,13.0,18.0
105,ogrid,4,15,10.0,0.1,16.2448729721457,4.014135629909086,4.0,8.0,10.0,11.0,22.0,23.0,26.0,35.0
106,ogrid,4,15,10.0,1.0,14.184164881134578,3.72148660397593,2.0,6.0,8.0,10.0,19.0,20.0,23.0,30.0
107,ogrid,4,15,10.0,2.5,11.573308846036118,3.406356218436534,1.0,4.0,6.0,7.0,16.0,17.0,20.0,26.0
108,ogrid,4,15,10.0,5.0,8.563615957555351,2.944554209892707,0.0,3.0,4.0,5.0,12.0,14.0,16.0,21.0
109,ogrid,4,15,10.0,10.0,5.353331292725232,2.324185437632826,0.0,1.0,2.0,2.0,8.0,9.0,11.0,16.0
110,ogrid,4,15,12.5,0.1,11.276196306499337,3.3614871132461257,1.0,4.0,6.0,7.0,16.0,17.0,20.0,25.0
111,ogrid,4,15,12.5,1.0,10.113253749617385,3.1333699393156476,1.0,4.0,5.0,6.0,14.0,16.0,18.0,23.0
112,ogrid,4,15,12.5,2.5,8.480767268646057,2.938206998198529,0.0,3.0,4.0,5.0,12.0,14.0,16.0,21.0
113,ogrid,4,15,12.5,5.0,6.573410876441179,2.5745774851533447,0.0,1.0,3.0,3.0,10.0,11.0,13.0,18.0
114,ogrid,4,15,12.5,10.0,4.298132843587389,2.071343972784388,0.0,0.0,1.0,2.0,7.0,8.0,10.0,14.0
115,ogrid,4,15,15.0,0.1,8.290786654423018,2.9027930221328857,0.0,2.0,4.0,5.0,12.0,13.0,16.0,22.0
116,ogrid,4,15,15.0,1.0,7.532088562391593,2.7636953990373327,0.0,2.0,3.0,4.0,11.0,12.0,15.0,19.0
117,ogrid,4,15,15.0,2.5,6.454239363330273,2.5439254336604784,0.0,1.0,3.0,3.0,10.0,11.0,13.0,18.0
118,ogrid,4,15,15.0,5.0,5.102642587491072,2.249391795201531,0.0,1.0,2.0,2.0,8.0,9.0,11.0,15.0
119,ogrid,4,15,15.0,10.0,3.5146413631262114,1.8902158404037008,0.0,0.0,1.0,1.0,6.0,7.0,8.0,12.0
120,ogrid,16,1,7.5,0.1,119.08539944903582,116.89292656991482,0.0,0.0,0.0,0.0,258.0,314.0,436.0,798.0
121,ogrid,16,1,7.5,1.0,122.26885011733496,89.34465832163222,0.0,0.0,0.0,0.0,234.0,274.0,341.0,451.0
122,ogrid,16,1,7.5,2.5,125.52004897459443,46.78330815236416,24.0,40.0,54.0,67.0,195.0,218.0,251.0,280.0
123,ogrid,16,1,7.5,5.0,111.12406897255381,49.244363735054776,9.0,24.0,36.0,48.0,182.0,208.0,239.0,282.0
124,ogrid,16,1,7.5,10.0,106.60606060606061,49.39575712918129,5.0,19.0,31.0,43.0,179.0,202.0,236.0,279.0
125,ogrid,16,1,10.0,0.1,116.4087338026732,70.10566500743525,32.0,50.0,58.0,64.0,204.0,255.0,380.0,732.0
126,ogrid,16,1,10.0,1.0,93.17161514131212,46.92146904188419,33.0,44.0,50.0,54.0,162.0,198.0,253.0,376.0
127,ogrid,16,1,10.0,2.5,81.69707172737476,41.944956918230524,26.0,36.0,43.0,46.0,147.0,179.0,218.0,254.0
128,ogrid,16,1,10.0,5.0,76.95857565554535,41.893882077780766,21.0,31.0,38.0,42.0,142.0,174.0,214.0,261.0
129,ogrid,16,1,10.0,10.0,74.697479848995,41.75490262777511,19.0,29.0,36.0,39.0,139.0,173.0,210.0,248.0
130,ogrid,16,1,12.5,0.1,58.12447709417406,36.853399539819634,14.0,23.0,28.0,31.0,106.0,146.0,200.0,242.0
131,ogrid,16,1,12.5,1.0,53.470360167329865,37.48800119520558,12.0,21.0,25.0,27.0,104.0,143.0,198.0,256.0
132,ogrid,16,1,12.5,2.5,50.14457708397102,37.72974602019871,13.0,18.0,22.0,24.0,102.0,142.0,198.0,244.0
133,ogrid,16,1,12.5,5.0,48.24691358024691,37.96229242649134,11.0,17.0,20.0,22.0,100.0,140.0,195.0,244.0
134,ogrid,16,1,12.5,10.0,46.96490154065911,37.86140736083547,10.0,15.0,19.0,21.0,98.0,139.0,193.0,239.0
135,ogrid,16,1,15.0,0.1,40.411182532394655,36.39883108053931,6.0,11.0,15.0,17.0,85.0,126.0,190.0,236.0
136,ogrid,16,1,15.0,1.0,38.90796857463524,36.428148425634554,6.0,10.0,13.0,15.0,85.0,125.0,189.0,240.0
137,ogrid,16,1,15.0,2.5,37.63922048770534,36.868050753671824,4.0,9.0,12.0,14.0,83.0,123.0,187.0,239.0
138,ogrid,16,1,15.0,5.0,36.53188450158147,36.554773041400225,3.0,8.0,11.0,13.0,83.0,122.0,186.0,237.0
139,ogrid,16,1,15.0,10.0,35.84062850729517,36.52195762286163,4.0,8.0,11.0,12.0,81.0,120.0,186.0,234.0
140,ogrid,16,2,7.5,0.1,113.49750025507602,98.08654093283015,0.0,0.0,0.0,0.0,217.0,230.0,264.0,330.0
141,ogrid,16,2,7.5,1.0,116.10692786450362,72.14151592903019,0.0,0.0,0.0,0.0,180.0,189.0,214.0,257.0
142,ogrid,16,2,7.5,2.5,119.54147535965718,18.20083010007042,50.0,71.0,85.0,94.0,141.0,146.0,156.0,170.0
143,ogrid,16,2,7.5,5.0,95.27803285379044,22.734960227289086,22.0,41.0,55.0,63.0,122.0,128.0,140.0,160.0
144,ogrid,16,2,7.5,10.0,85.84705642281399,23.915744482610496,15.0,29.0,43.0,52.0,114.0,120.0,131.0,149.0
145,ogrid,16,2,10.0,0.1,113.40699928578717,22.4584493847044,61.0,77.0,85.0,90.0,142.0,155.0,193.0,253.0
146,ogrid,16,2,10.0,1.0,94.80257116620753,15.340707610454325,53.0,67.0,73.0,77.0,115.0,123.0,142.0,181.0
147,ogrid,16,2,10.0,2.5,78.63615957555352,11.636655374106743,39.0,53.0,61.0,64.0,94.0,99.0,107.0,132.0
148,ogrid,16,2,10.0,5.0,69.0976430976431,11.28429566231707,31.0,44.0,51.0,55.0,84.0,88.0,97.0,108.0
149,ogrid,16,2,10.0,10.0,64.33670033670033,11.287267011143475,26.0,39.0,46.0,50.0,79.0,84.0,91.0,106.0
150,ogrid,16,2,12.5,0.1,65.42383430262218,11.471018530479771,30.0,42.0,48.0,51.0,81.0,86.0,94.0,110.0
151,ogrid,16,2,12.5,1.0,58.18028772574227,10.58914683868386,28.0,37.0,42.0,46.0,73.0,78.0,86.0,110.0
152,ogrid,16,2,12.5,2.5,51.990715233139476,10.51848478148727,24.0,33.0,37.0,40.0,67.0,72.0,81.0,108.0
153,ogrid,16,2,12.5,5.0,47.69564330170391,10.511046773367022,20.0,29.0,33.0,36.0,63.0,68.0,77.0,92.0
154,ogrid,16,2,12.5,10.0,44.992857871645754,10.588458216781671,17.0,26.0,30.0,33.0,60.0,65.0,75.0,89.0
155,ogrid,16,2,15.0,0.1,43.21671258034895,11.300984200571879,17.0,24.0,28.0,31.0,59.0,65.0,76.0,96.0
156,ogrid,16,2,15.0,1.0,40.31690643811856,11.261705305477951,12.0,22.0,26.0,28.0,57.0,63.0,73.0,96.0
157,ogrid,16,2,15.0,2.5,37.42281399857158,11.223526180459908,11.0,19.0,23.0,25.0,54.0,60.0,70.0,85.0
158,ogrid,16,2,15.0,5.0,35.27986940108152,11.202185597930246,10.0,18.0,21.0,23.0,52.0,58.0,68.0,93.0
159,ogrid,16,2,15.0,10.0,33.74104683195592,11.107753289042849,11.0,16.0,20.0,22.0,50.0,56.0,66.0,79.0
160,ogrid,16,3,7.5,0.1,108.16141210080605,92.65510420080177,0.0,0.0,0.0,0.0,202.0,209.0,223.0,255.0
161,ogrid,16,3,7.5,1.0,110.86103458830732,68.24600400355875,0.0,0.0,0.0,0.0,168.0,174.0,186.0,208.0
162,ogrid,16,3,7.5,2.5,114.51464136312622,13.758132521715746,65.0,82.0,91.0,97.0,132.0,137.0,145.0,167.0
163,ogrid,16,3,7.5,5.0,85.80746862565044,16.611428797882866,30.0,49.0,58.0,64.0,107.0,112.0,122.0,142.0
164,ogrid,16,3,7.5,10.0,71.66819712274258,18.25319596807613,21.0,33.0,42.0,47.0,95.0,101.0,109.0,130.0
165,ogrid,16,3,10.0,0.1,109.66064687276808,13.855012171009937,67.0,81.0,89.0,93.0,128.0,134.0,148.0,178.0
166,ogrid,16,3,10.0,1.0,93.0161208039996,11.190622089227231,58.0,69.0,76.0,79.0,108.0,112.0,122.0,142.0
167,ogrid,16,3,10.0,2.5,75.7273747576778,9.154700681739358,39.0,56.0,61.0,64.0,87.0,91.0,98.0,115.0
168,ogrid,16,3,10.0,5.0,63.16906438118559,9.233466213095394,23.0,43.0,48.0,51.0,75.0,79.0,85.0,97.0
169,ogrid,16,3,10.0,10.0,55.715029078665445,9.4816642292985,23.0,34.0,40.0,43.0,68.0,71.0,78.0,100.0
170,ogrid,16,3,12.5,0.1,67.68717477808387,9.421426484309343,37.0,47.0,53.0,56.0,80.0,84.0,91.0,108.0
171,ogrid,16,3,12.5,1.0,59.7431894704622,8.111209277096656,32.0,42.0,47.0,50.0,70.0,73.0,80.0,96.0
172,ogrid,16,3,12.5,2.5,51.84858687888991,7.348145036596414,28.0,36.0,40.0,43.0,62.0,64.0,69.0,84.0
173,ogrid,16,3,12.5,5.0,45.583001734516884,7.112249737303948,24.0,30.0,34.0,37.0,55.0,57.0,63.0,72.0
174,ogrid,16,3,12.5,10.0,41.50464238343026,6.959574253177171,19.0,27.0,30.0,33.0,51.0,53.0,58.0,69.0
175,ogrid,16,3,15.0,0.1,45.02999693908785,7.364261109548883,17.0,29.0,33.0,36.0,55.0,58.0,63.0,78.0
176,ogrid,16,3,15.0,1.0,41.42862973166003,6.907897044478457,19.0,26.0,31.0,33.0,50.0,53.0,59.0,71.0
177,ogrid,16,3,15.0,2.5,37.33639424548515,6.6049786604541065,17.0,23.0,27.0,29.0,46.0,49.0,55.0,62.0
178,ogrid,16,3,15.0,5.0,34.07091113151719,6.407239719309034,13.0,20.0,24.0,26.0,43.0,45.0,50.0,63.0
179,ogrid,16,3,15.0,10.0,31.45536169778594,6.230225083874036,13.0,18.0,22.0,24.0,40.0,42.0,48.0,59.0
180,ogrid,16,5,7.5,0.1,99.07529843893481,84.77074145753164,0.0,0.0,0.0,0.0,184.0,189.0,200.0,219.0
181,ogrid,16,5,7.5,1.0,101.9823487399245,62.74473963151485,0.0,0.0,0.0,0.0,154.0,159.0,169.0,186.0
182,ogrid,16,5,7.5,2.5,105.94480155086215,10.926114372081717,69.0,81.0,88.0,92.0,120.0,124.0,132.0,148.0
183,ogrid,16,5,7.5,5.0,74.91806958473624,10.668967888994732,36.0,51.0,58.0,62.0,89.0,93.0,101.0,120.0
184,ogrid,16,5,7.5,10.0,54.27140087746148,11.103569863540017,20.0,31.0,37.0,40.0,69.0,73.0,81.0,100.0
185,ogrid,16,5,10.0,0.1,102.4053667993062,10.441906563603599,63.0,79.0,86.0,89.0,116.0,120.0,127.0,146.0
186,ogrid,16,5,10.0,1.0,88.01030507091113,9.8239993945675,55.0,67.0,72.0,75.0,101.0,105.0,112.0,130.0
187,ogrid,16,5,10.0,2.5,70.86164677073768,8.579952769907033,40.0,52.0,57.0,60.0,82.0,85.0,92.0,106.0
188,ogrid,16,5,10.0,5.0,55.07101316192225,7.926149893961569,30.0,37.0,42.0,45.0,65.0,68.0,74.0,86.0
189,ogrid,16,5,10.0,10.0,43.57810427507397,7.69084608322867,19.0,27.0,31.0,34.0,54.0,57.0,62.0,73.0
190,ogrid,16,5,12.5,0.1,66.83440465258647,8.537536262364897,40.0,48.0,53.0,56.0,78.0,81.0,88.0,106.0
191,ogrid,16,5,12.5,1.0,59.21334557698194,7.8730158499437195,33.0,42.0,47.0,49.0,69.0,73.0,78.0,91.0
192,ogrid,16,5,12.5,2.5,50.07540046933986,7.178324449989083,28.0,34.0,39.0,41.0,59.0,62.0,68.0,76.0
193,ogrid,16,5,12.5,5.0,41.362105907560455,6.5141404440909225,19.0,27.0,31.0,33.0,50.0,52.0,57.0,65.0
194,ogrid,16,5,12.5,10.0,34.54749515355576,6.142478484708814,11.0,21.0,25.0,27.0,43.0,45.0,50.0,63.0
195,ogrid,16,5,15.0,0.1,46.26905417814509,6.963542181645979,24.0,31.0,35.0,37.0,55.0,58.0,63.0,73.0
196,ogrid,16,5,15.0,1.0,41.84919906132027,6.595914088761539,18.0,27.0,31.0,33.0,50.0,53.0,58.0,66.0
197,ogrid,16,5,15.0,2.5,36.694725028058365,6.030705849902753,17.0,23.0,27.0,29.0,45.0,47.0,51.0,61.0
198,ogrid,16,5,15.0,5.0,31.592388531782472,5.622140849018143,12.0,19.0,23.0,25.0,39.0,41.0,45.0,55.0
199,ogrid,16,5,15.0,10.0,27.239771451892665,5.229109979064404,9.0,16.0,19.0,21.0,34.0,36.0,40.0,48.0
200,ogrid,16,10,7.5,0.1,81.45566778900113,69.81458746977286,0.0,0.0,0.0,0.0,152.0,158.0,166.0,184.0
201,ogrid,16,10,7.5,1.0,84.98765432098766,52.39324467096499,0.0,0.0,0.0,0.0,129.0,133.0,142.0,158.0
202,ogrid,16,10,7.5,2.5,89.83348637894092,9.52905035725995,52.0,68.0,74.0,78.0,102.0,106.0,113.0,123.0
203,ogrid,16,10,7.5,5.0,62.14121008060402,7.9241929506953195,31.0,44.0,49.0,52.0,72.0,75.0,81.0,97.0
204,ogrid,16,10,7.5,10.0,37.30007142128354,6.2578548942723256,14.0,23.0,27.0,29.0,45.0,48.0,53.0,65.0
205,ogrid,16,10,10.0,0.1,87.62340577492093,9.356572748508185,53.0,66.0,73.0,76.0,100.0,103.0,110.0,123.0
206,ogrid,16,10,10.0,1.0,76.02846648301194,8.698717886752203,48.0,57.0,62.0,65.0,87.0,91.0,97.0,110.0
207,ogrid,16,10,10.0,2.5,61.46882971125395,7.7145318312287845,34.0,45.0,49.0,52.0,71.0,75.0,80.0,91.0
208,ogrid,16,10,10.0,5.0,45.54637281910009,6.779133778411918,21.0,31.0,35.0,37.0,54.0,57.0,63.0,74.0
209,ogrid,16,10,10.0,10.0,30.20426487093154,5.56283326554468,11.0,18.0,21.0,23.0,37.0,40.0,44.0,53.0
210,ogrid,16,10,12.5,0.1,59.941842669115395,7.765797215964978,32.0,42.0,48.0,50.0,70.0,73.0,78.0,95.0
211,ogrid,16,10,12.5,1.0,53.333741454953575,7.38095213457596,28.0,37.0,42.0,44.0,63.0,66.0,71.0,85.0
212,ogrid,16,10,12.5,2.5,44.70166309560249,6.691457295982613,21.0,30.0,34.0,36.0,54.0,56.0,61.0,70.0
213,ogrid,16,10,12.5,5.0,34.8247117641057,5.918595953818614,14.0,22.0,25.0,27.0,43.0,45.0,49.0,57.0
214,ogrid,16,10,12.5,10.0,24.85174982144679,5.099815766677445,9.0,14.0,17.0,18.0,31.0,33.0,37.0,46.0
215,ogrid,16,10,15.0,0.1,43.4058769513315,6.608001919428213,22.0,29.0,33.0,35.0,52.0,54.0,60.0,73.0
216,ogrid,16,10,15.0,1.0,39.323640444852565,6.347015431536881,19.0,25.0,29.0,31.0,48.0,50.0,55.0,64.0
217,ogrid,16,10,15.0,2.5,33.815222936435056,5.8294325909126945,14.0,21.0,25.0,26.0,42.0,44.0,48.0,59.0
218,ogrid,16,10,15.0,5.0,27.402714008774616,5.2917483435354065,10.0,16.0,19.0,21.0,34.0,36.0,40.0,54.0
219,ogrid,16,10,15.0,10.0,20.6946229976533,4.5661370828747305,5.0,11.0,13.0,15.0,27.0,28.0,32.0,42.0
220,ogrid,16,15,7.5,0.1,68.54290378532802,58.85860597475901,0.0,0.0,0.0,0.0,129.0,134.0,143.0,163.0
221,ogrid,16,15,7.5,1.0,72.42577288031833,44.773062262410434,0.0,0.0,0.0,0.0,111.0,115.0,123.0,135.0
222,ogrid,16,15,7.5,2.5,77.65146413631263,8.824406850236945,45.0,58.0,63.0,67.0,89.0,93.0,99.0,109.0
223,ogrid,16,15,7.5,5.0,54.599020508111415,7.453725219696354,22.0,38.0,43.0,45.0,64.0,67.0,72.0,82.0
224,ogrid,16,15,7.5,10.0,31.669931639628608,5.645002872297043,13.0,19.0,23.0,25.0,39.0,41.0,45.0,56.0
225,ogrid,16,15,10.0,0.1,76.18998061422303,8.761822838004587,41.0,57.0,62.0,65.0,87.0,91.0,98.0,117.0
226,ogrid,16,15,10.0,1.0,66.56647280889705,8.083667063470754,37.0,49.0,54.0,56.0,77.0,80.0,86.0,102.0
227,ogrid,16,15,10.0,2.5,54.26272829303132,7.48300441197479,28.0,38.0,42.0,45.0,64.0,67.0,73.0,83.0
228,ogrid,16,15,10.0,5.0,40.39536781961024,6.295571131011625,20.0,26.0,30.0,33.0,48.0,51.0,56.0,68.0
229,ogrid,16,15,10.0,10.0,25.453321089684724,5.090336812456685,7.0,15.0,17.0,19.0,32.0,34.0,38.0,44.0
230,ogrid,16,15,12.5,0.1,53.34465870829507,7.203711128536711,26.0,37.0,42.0,44.0,63.0,65.0,71.0,81.0
231,ogrid,16,15,12.5,1.0,47.637281910009186,6.912173224009559,24.0,32.0,37.0,39.0,57.0,59.0,64.0,80.0
232,ogrid,16,15,12.5,2.5,40.117232935414755,6.318198365384661,18.0,26.0,30.0,32.0,48.0,51.0,56.0,70.0
233,ogrid,16,15,12.5,5.0,31.14110805019896,5.623331731811747,10.0,19.0,22.0,24.0,39.0,41.0,45.0,51.0
234,ogrid,16,15,12.5,10.0,21.010407101316193,4.625898032429446,6.0,11.0,14.0,15.0,27.0,29.0,33.0,41.0
235,ogrid,16,15,15.0,0.1,39.39526578920518,6.2633002271157485,17.0,25.0,29.0,31.0,47.0,50.0,55.0,67.0
236,ogrid,16,15,15.0,1.0,35.77206407509438,6.0129845484294355,11.0,23.0,26.0,28.0,44.0,46.0,51.0,62.0
237,ogrid,16,15,15.0,2.5,30.82563003775125,5.464870528225533,11.0,19.0,22.0,24.0,38.0,40.0,44.0,53.0
238,ogrid,16,15,15.0,5.0,24.741454953576167,4.952656657160287,6.0,14.0,17.0,18.0,31.0,33.0,37.0,44.0
239,ogrid,16,15,15.0,10.0,17.521885521885523,4.1908792132801445,4.0,8.0,11.0,12.0,23.0,25.0,28.0,39.0
240,ogrid,36,1,7.5,0.1,284.32966023875116,247.48540151623806,0.0,0.0,0.0,0.0,552.0,604.0,688.0,973.0
241,ogrid,36,1,7.5,1.0,290.55055606570755,180.43879991337536,0.0,0.0,0.0,0.0,447.0,465.0,501.0,553.0
242,ogrid,36,1,7.5,2.5,296.9089888786859,85.88919764334244,76.0,108.0,144.0,166.0,391.0,406.0,431.0,488.0
243,ogrid,36,1,7.5,5.0,266.70645852464037,99.1717884081833,35.0,61.0,93.0,114.0,375.0,390.0,417.0,488.0
244,ogrid,36,1,7.5,10.0,256.83889399040913,101.11395298361015,27.0,47.0,81.0,100.0,367.0,383.0,411.0,471.0
245,ogrid,36,1,10.0,0.1,280.3998571574329,66.66574070354802,169.0,192.0,207.0,217.0,358.0,416.0,504.0,876.0
246,ogrid,36,1,10.0,1.0,236.49178655239263,38.465669800093515,144.0,174.0,187.0,195.0,293.0,311.0,346.0,410.0
247,ogrid,36,1,10.0,2.5,213.92745638200185,36.402688656233536,115.0,141.0,164.0,173.0,267.0,284.0,310.0,350.0
248,ogrid,36,1,10.0,5.0,204.2152841546781,36.922160958471046,91.0,128.0,151.0,163.0,257.0,274.0,300.0,345.0
249,ogrid,36,1,10.0,10.0,199.31170288746046,37.5124843996771,94.0,121.0,146.0,157.0,253.0,271.0,297.0,349.0
250,ogrid,36,1,12.5,0.1,160.64411794714826,39.736601754143706,89.0,103.0,113.0,120.0,222.0,245.0,273.0,303.0
251,ogrid,36,1,12.5,1.0,151.3494541373329,39.35359773238221,84.0,99.0,108.0,113.0,213.0,235.0,266.0,307.0
252,ogrid,36,1,12.5,2.5,144.62911947760432,39.57655271848705,74.0,92.0,101.0,106.0,207.0,229.0,258.0,305.0
253,ogrid,36,1,12.5,5.0,140.3194571982451,39.83459421645183,64.0,87.0,96.0,102.0,204.0,227.0,254.0,287.0
254,ogrid,36,1,12.5,10.0,137.59912253851647,39.73387385856518,68.0,85.0,94.0,99.0,201.0,223.0,252.0,310.0
255,ogrid,36,1,15.0,0.1,111.48658300173452,44.56451238682587,38.0,59.0,66.0,71.0,185.0,211.0,239.0,276.0
256,ogrid,36,1,15.0,1.0,108.37067646158555,44.381735296829795,46.0,57.0,64.0,68.0,182.0,207.0,237.0,274.0
257,ogrid,36,1,15.0,2.5,105.75002550760126,44.306818091857124,44.0,55.0,62.0,66.0,179.0,204.0,232.0,275.0
258,ogrid,36,1,15.0,5.0,103.48280787674727,43.97935411904566,42.0,53.0,60.0,64.0,176.0,201.0,231.0,267.0
259,ogrid,36,1,15.0,10.0,101.92531374349556,44.12285550466962,38.0,51.0,58.0,62.0,175.0,199.0,228.0,265.0
260,ogrid,36,2,7.5,0.1,269.5373941434548,230.18909075542777,0.0,0.0,0.0,0.0,498.0,514.0,544.0,593.0
261,ogrid,36,2,7.5,1.0,275.38128762371184,168.50153677015444,0.0,0.0,0.0,0.0,406.0,416.0,433.0,467.0
262,ogrid,36,2,7.5,2.5,283.07233955718806,48.14594911524679,131.0,176.0,203.0,218.0,345.0,356.0,375.0,403.0
263,ogrid,36,2,7.5,5.0,230.537802265075,64.04258053550662,67.0,99.0,126.0,142.0,312.0,324.0,341.0,375.0
264,ogrid,36,2,7.5,10.0,209.0426487093154,67.83902317459386,45.0,71.0,100.0,116.0,296.0,308.0,327.0,361.0
265,ogrid,36,2,10.0,0.1,270.4500561167228,27.825160327245708,200.0,218.0,231.0,238.0,308.0,320.0,348.0,408.0
266,ogrid,36,2,10.0,1.0,231.33914906642178,17.543109897546138,170.0,194.0,204.0,209.0,254.0,261.0,276.0,309.0
267,ogrid,36,2,10.0,2.5,197.3028262422202,19.01455848864816,125.0,151.0,164.0,173.0,221.0,227.0,239.0,260.0
268,ogrid,36,2,10.0,5.0,176.91572288541985,22.438325696576428,90.0,122.0,138.0,146.0,205.0,211.0,222.0,253.0
269,ogrid,36,2,10.0,10.0,166.10223446587082,23.652242704381425,78.0,108.0,124.0,133.0,195.0,201.0,214.0,241.0
270,ogrid,36,2,12.5,0.1,165.89970411182532,15.940137764589068,113.0,132.0,141.0,146.0,187.0,193.0,205.0,229.0
271,ogrid,36,2,12.5,1.0,150.88613406795224,12.967922585520242,99.0,122.0,130.0,134.0,167.0,173.0,183.0,201.0
272,ogrid,36,2,12.5,2.5,137.88439955106622,12.3961661278417,96.0,110.0,118.0,122.0,154.0,158.0,167.0,184.0
273,ogrid,36,2,12.5,5.0,128.59167431894704,12.615679931219296,80.0,100.0,108.0,113.0,145.0,150.0,159.0,187.0
274,ogrid,36,2,12.5,10.0,122.55249464340373,12.815826456577929,68.0,93.0,102.0,106.0,139.0,144.0,153.0,177.0
275,ogrid,36,2,15.0,0.1,111.54922967044179,12.55098568957114,66.0,85.0,92.0,96.0,128.0,133.0,143.0,171.0
276,ogrid,36,2,15.0,1.0,105.62054892357922,11.676496018679423,65.0,80.0,87.0,91.0,121.0,125.0,134.0,152.0
277,ogrid,36,2,15.0,2.5,99.77032955820835,11.083031607684315,63.0,76.0,82.0,86.0,114.0,119.0,127.0,147.0
278,ogrid,36,2,15.0,5.0,95.08346087133965,10.98303469993619,57.0,71.0,78.0,81.0,109.0,114.0,122.0,145.0
279,ogrid,36,2,15.0,10.0,91.41607999183756,10.763597810778197,51.0,68.0,74.0,78.0,105.0,110.0,118.0,142.0
280,ogrid,36,3,7.5,0.1,256.6416692174268,218.70101140316106,0.0,0.0,0.0,0.0,466.0,476.0,494.0,566.0
281,ogrid,36,3,7.5,1.0,262.63809815324964,160.45290179340492,0.0,0.0,0.0,0.0,386.0,394.0,409.0,433.0
282,ogrid,36,3,7.5,2.5,270.96143250688704,31.781250687544134,159.0,201.0,219.0,229.0,312.0,321.0,340.0,373.0
283,ogrid,36,3,7.5,5.0,206.79787776757473,43.641201793909026,94.0,118.0,138.0,149.0,266.0,276.0,294.0,331.0
284,ogrid,36,3,7.5,10.0,174.21956943169064,48.250455618146646,55.0,79.0,97.0,111.0,240.0,250.0,268.0,299.0
285,ogrid,36,3,10.0,0.1,260.59473523109887,19.6756068776355,184.0,217.0,229.0,236.0,287.0,294.0,308.0,345.0
286,ogrid,36,3,10.0,1.0,223.72543617998164,15.741652628060928,160.0,188.0,199.0,204.0,244.0,250.0,261.0,291.0
287,ogrid,36,3,10.0,2.5,185.72380369350066,17.10132731810743,127.0,146.0,157.0,163.0,207.0,213.0,224.0,252.0
288,ogrid,36,3,10.0,5.0,157.4105703499643,20.655145205444292,89.0,109.0,123.0,130.0,184.0,190.0,201.0,224.0
289,ogrid,36,3,10.0,10.0,140.87888990919294,22.076873701815085,69.0,91.0,104.0,111.0,169.0,175.0,187.0,211.0
290,ogrid,36,3,12.5,0.1,165.86174880114274,14.818865771004951,112.0,133.0,143.0,147.0,185.0,191.0,202.0,227.0
291,ogrid,36,3,12.5,1.0,149.05907560453014,12.471425539068525,97.0,121.0,129.0,133.0,165.0,170.0,179.0,198.0
292,ogrid,36,3,12.5,2.5,131.8932761963065,12.047335333340284,83.0,105.0,113.0,117.0,147.0,152.0,161.0,181.0
293,ogrid,36,3,12.5,5.0,118.23701663095602,12.303819824919502,77.0,90.0,99.0,103.0,134.0,139.0,147.0,162.0
294,ogrid,36,3,12.5,10.0,108.81001938577697,12.294909728574016,64.0,81.0,89.0,93.0,125.0,129.0,137.0,159.0
295,ogrid,36,3,15.0,0.1,112.84797469645954,11.371806186846545,75.0,88.0,95.0,99.0,128.0,132.0,141.0,164.0
296,ogrid,36,3,15.0,1.0,105.0643811855933,10.592730321638589,69.0,81.0,88.0,92.0,118.0,123.0,131.0,146.0
297,ogrid,36,3,15.0,2.5,96.57728803183349,9.899112060243363,62.0,74.0,81.0,84.0,109.0,113.0,120.0,139.0
298,ogrid,36,3,15.0,5.0,89.1810019385777,9.650778571922446,56.0,67.0,74.0,77.0,102.0,105.0,113.0,126.0
299,ogrid,36,3,15.0,10.0,83.67197224772983,9.442669258849014,42.0,63.0,69.0,72.0,96.0,100.0,106.0,122.0
300,ogrid,36,5,7.5,0.1,234.28925619834712,199.63075621896547,0.0,0.0,0.0,0.0,424.0,433.0,449.0,484.0
301,ogrid,36,5,7.5,1.0,241.16365676971736,147.31734421858036,0.0,0.0,0.0,0.0,355.0,363.0,376.0,416.0
302,ogrid,36,5,7.5,2.5,250.4077134986226,19.041700185927954,188.0,207.0,219.0,226.0,275.0,282.0,295.0,329.0
303,ogrid,36,5,7.5,5.0,178.72451790633608,22.277360883016705,109.0,131.0,143.0,150.0,208.0,216.0,230.0,260.0
304,ogrid,36,5,7.5,10.0,130.84073053770024,25.529679838070017,58.0,78.0,91.0,98.0,166.0,173.0,186.0,216.0
305,ogrid,36,5,10.0,0.1,242.5279053157841,15.94004241968017,175.0,205.0,216.0,222.0,263.0,269.0,280.0,304.0
306,ogrid,36,5,10.0,1.0,209.27905315784105,14.699068854960423,158.0,175.0,186.0,191.0,228.0,233.0,244.0,270.0
307,ogrid,36,5,10.0,2.5,170.01591674318948,14.177124885252509,119.0,138.0,147.0,152.0,188.0,193.0,204.0,217.0
308,ogrid,36,5,10.0,5.0,133.77288031833487,15.103548422148046,78.0,99.0,109.0,114.0,153.0,159.0,169.0,186.0
309,ogrid,36,5,10.0,10.0,107.56188144066932,16.06615341242285,50.0,72.0,81.0,87.0,128.0,134.0,143.0,168.0
310,ogrid,36,5,12.5,0.1,160.30813182328333,12.919628023904638,113.0,131.0,139.0,144.0,177.0,182.0,192.0,212.0
311,ogrid,36,5,12.5,1.0,142.94949494949495,12.19456759498634,103.0,115.0,123.0,127.0,159.0,164.0,171.0,190.0
312,ogrid,36,5,12.5,2.5,122.25405570860116,11.352103693505153,83.0,96.0,104.0,108.0,137.0,141.0,149.0,171.0
313,ogrid,36,5,12.5,5.0,102.67156412610959,11.214567778033716,64.0,78.0,84.0,88.0,117.0,121.0,129.0,143.0
314,ogrid,36,5,12.5,10.0,87.1799816345271,11.212305542195287,46.0,62.0,69.0,73.0,101.0,106.0,114.0,128.0
315,ogrid,36,5,15.0,0.1,112.3687378838894,10.769265623142186,72.0,88.0,95.0,99.0,126.0,130.0,138.0,162.0
316,ogrid,36,5,15.0,1.0,102.8447097234976,10.107935243266526,69.0,80.0,86.0,90.0,116.0,120.0,127.0,146.0
317,ogrid,36,5,15.0,2.5,91.15539230690746,9.637466518408115,57.0,69.0,76.0,79.0,104.0,107.0,114.0,132.0
318,ogrid,36,5,15.0,5.0,79.9875522905826,9.138341363015412,49.0,59.0,65.0,68.0,92.0,95.0,102.0,120.0
319,ogrid,36,5,15.0,10.0,70.16559534741353,8.958794440769974,40.0,50.0,56.0,59.0,82.0,85.0,92.0,105.0
320,ogrid,36,10,7.5,0.1,192.3526170798898,163.97431101090206,0.0,0.0,0.0,0.0,350.0,357.0,371.0,399.0
321,ogrid,36,10,7.5,1.0,200.38689929599022,122.41682015615389,0.0,0.0,0.0,0.0,295.0,302.0,314.0,341.0
322,ogrid,36,10,7.5,2.5,211.9571472298745,14.628313384596538,156.0,179.0,188.0,193.0,231.0,236.0,247.0,281.0
323,ogrid,36,10,7.5,5.0,146.8909294969901,12.270454973713926,105.0,119.0,127.0,131.0,163.0,167.0,176.0,201.0
324,ogrid,36,10,7.5,10.0,88.43934292419141,10.195718572684793,52.0,66.0,72.0,76.0,101.0,105.0,113.0,132.0
325,ogrid,36,10,10.0,0.1,206.92919089888787,14.506375880205967,155.0,173.0,183.0,188.0,225.0,231.0,241.0,256.0
326,ogrid,36,10,10.0,1.0,179.9514335271911,13.336022388612385,134.0,149.0,158.0,163.0,197.0,202.0,211.0,230.0
327,ogrid,36,10,10.0,2.5,145.31425364758698,12.136152823826517,106.0,118.0,125.0,130.0,161.0,166.0,174.0,195.0
328,ogrid,36,10,10.0,5.0,108.00938679726559,10.659447819422136,73.0,84.0,91.0,94.0,122.0,126.0,133.0,151.0
329,ogrid,36,10,10.0,10.0,72.23405774920927,9.005066489464527,40.0,53.0,58.0,61.0,84.0,88.0,94.0,109.0
330,ogrid,36,10,12.5,0.1,141.80022446689114,11.97280716318512,100.0,114.0,122.0,127.0,157.0,162.0,171.0,189.0
331,ogrid,36,10,12.5,1.0,126.2700744821957,11.229462033146783,88.0,101.0,108.0,112.0,141.0,145.0,153.0,172.0
332,ogrid,36,10,12.5,2.5,106.02877257422712,10.187137289738988,72.0,84.0,90.0,93.0,119.0,123.0,130.0,145.0
333,ogrid,36,10,12.5,5.0,83.14998469543924,9.190184776414497,52.0,63.0,68.0,72.0,95.0,99.0,106.0,129.0
334,ogrid,36,10,12.5,10.0,59.98530762167126,7.98720972950426,28.0,42.0,47.0,50.0,70.0,74.0,79.0,95.0
335,ogrid,36,10,15.0,0.1,102.97694112845628,10.140834567803637,69.0,80.0,87.0,90.0,116.0,120.0,128.0,143.0
336,ogrid,36,10,15.0,1.0,93.57004387307417,9.654178336832443,56.0,72.0,78.0,81.0,106.0,110.0,117.0,131.0
337,ogrid,36,10,15.0,2.5,80.56637077849199,8.914123248378154,50.0,60.0,66.0,69.0,92.0,95.0,101.0,117.0
338,ogrid,36,10,15.0,5.0,65.90398938883787,8.166531760627436,33.0,48.0,53.0,56.0,77.0,80.0,86.0,98.0
339,ogrid,36,10,15.0,10.0,50.2968064483216,7.231375072164791,24.0,34.0,39.0,41.0,60.0,63.0,68.0,78.0
340,ogrid,36,15,7.5,0.1,161.73023160901948,137.9570180747443,0.0,0.0,0.0,0.0,296.0,303.0,315.0,346.0
341,ogrid,36,15,7.5,1.0,170.86144270992756,104.50728715248839,0.0,0.0,0.0,0.0,253.0,260.0,272.0,299.0
342,ogrid,36,15,7.5,2.5,183.71053974084276,13.524244654494463,126.0,153.0,162.0,166.0,201.0,206.0,216.0,235.0
343,ogrid,36,15,7.5,5.0,128.64075094378126,11.43783223033447,89.0,103.0,110.0,114.0,143.0,148.0,156.0,172.0
344,ogrid,36,15,7.5,10.0,74.79910213243546,8.650212961366247,42.0,55.0,61.0,64.0,86.0,89.0,96.0,110.0
345,ogrid,36,15,10.0,0.1,179.95908580757066,13.464538836585294,131.0,149.0,158.0,163.0,197.0,202.0,212.0,229.0
346,ogrid,36,15,10.0,1.0,157.2023262932354,12.440720726170333,115.0,129.0,137.0,141.0,173.0,178.0,187.0,204.0
347,ogrid,36,15,10.0,2.5,128.14172023262932,11.312221060949543,91.0,102.0,109.0,114.0,143.0,147.0,155.0,173.0
348,ogrid,36,15,10.0,5.0,95.33078257320682,9.585680847399392,62.0,73.0,80.0,83.0,108.0,111.0,118.0,133.0
349,ogrid,36,15,10.0,10.0,60.23671053974084,7.862134897156609,32.0,43.0,48.0,50.0,70.0,74.0,79.0,92.0
350,ogrid,36,15,12.5,0.1,126.01958983777166,11.286866330890312,83.0,101.0,108.0,112.0,141.0,145.0,153.0,169.0
351,ogrid,36,15,12.5,1.0,112.56983981226405,10.673266843119244,73.0,89.0,96.0,99.0,126.0,130.0,138.0,153.0
352,ogrid,36,15,12.5,2.5,94.85838179777573,9.666869497124313,57.0,73.0,79.0,83.0,107.0,111.0,119.0,136.0
353,ogrid,36,15,12.5,5.0,73.55422916028976,8.597065930783213,42.0,55.0,60.0,63.0,85.0,88.0,94.0,107.0
354,ogrid,36,15,12.5,10.0,49.70380573410876,7.077220290532304,25.0,34.0,38.0,41.0,59.0,62.0,67.0,79.0
355,ogrid,36,15,15.0,0.1,93.1625344352617,9.73050851204248,61.0,72.0,77.0,81.0,106.0,110.0,116.0,133.0
356,ogrid,36,15,15.0,1.0,84.5665748393021,9.120752418124434,54.0,64.0,70.0,73.0,96.0,100.0,106.0,125.0
357,ogrid,36,15,15.0,2.5,73.06213651668197,8.502753827849453,43.0,55.0,59.0,62.0,84.0,87.0,94.0,111.0
358,ogrid,36,15,15.0,5.0,58.66544230180594,7.7704936723355695,34.0,41.0,46.0,49.0,69.0,72.0,77.0,89.0
359,ogrid,36,15,15.0,10.0,41.805223956739106,6.452143627145102,21.0,28.0,32.0,34.0,50.0,53.0,58.0,69.0
360,ogrid,49,1,7.5,0.1,396.82767064585244,342.83819380799645,0.0,0.0,0.0,0.0,759.0,817.0,943.0,1143.0
361,ogrid,49,1,7.5,1.0,405.35486174880117,249.39002083212486,0.0,0.0,0.0,0.0,604.0,616.0,641.0,677.0
362,ogrid,49,1,7.5,2.5,413.9784715845322,122.0677128628593,142.0,174.0,206.0,230.0,551.0,565.0,592.0,623.0
363,ogrid,49,1,7.5,5.0,372.85991225385163,141.16696459375862,61.0,97.0,133.0,158.0,530.0,546.0,570.0,620.0
364,ogrid,49,1,7.5,10.0,359.02479338842977,143.79120955479425,42.0,78.0,114.0,140.0,518.0,533.0,558.0,614.0
365,ogrid,49,1,10.0,0.1,391.65421895724927,72.57471172218054,264.0,296.0,313.0,324.0,481.0,538.0,650.0,928.0
366,ogrid,49,1,10.0,1.0,333.7909397000306,33.66374448316512,233.0,265.0,285.0,295.0,379.0,394.0,426.0,521.0
367,ogrid,49,1,10.0,2.5,303.36618712376287,34.828093513530824,187.0,215.0,247.0,262.0,349.0,363.0,385.0,431.0
368,ogrid,49,1,10.0,5.0,289.93082338536885,36.627946690371644,160.0,195.0,229.0,245.0,337.0,352.0,376.0,417.0
369,ogrid,49,1,10.0,10.0,283.361391694725,37.59838836077348,149.0,188.0,221.0,237.0,332.0,346.0,372.0,419.0
370,ogrid,49,1,12.5,0.1,228.84389348025712,36.99718737951548,146.0,167.0,179.0,186.0,283.0,300.0,324.0,371.0
371,ogrid,49,1,12.5,1.0,216.55820834608713,35.68661143202464,138.0,161.0,171.0,178.0,271.0,288.0,313.0,357.0
372,ogrid,49,1,12.5,2.5,207.5590245893276,35.50705499503549,125.0,152.0,163.0,169.0,262.0,279.0,301.0,337.0
373,ogrid,49,1,12.5,5.0,201.71217222732375,35.48124845211294,129.0,146.0,157.0,164.0,256.0,273.0,297.0,339.0
374,ogrid,49,1,12.5,10.0,198.26599326599327,35.87300543134395,121.0,142.0,153.0,160.0,252.0,269.0,296.0,327.0
375,ogrid,49,1,15.0,0.1,154.2643607795123,40.05818648390331,85.0,100.0,110.0,115.0,218.0,241.0,268.0,323.0
376,ogrid,49,1,15.0,1.0,150.16937047240077,39.579024987471115,82.0,97.0,106.0,111.0,213.0,234.0,265.0,303.0
377,ogrid,49,1,15.0,2.5,146.55004591368228,39.797143638961764,76.0,94.0,103.0,108.0,210.0,232.0,262.0,302.0
378,ogrid,49,1,15.0,5.0,143.51004999489848,39.69384836223173,74.0,91.0,100.0,105.0,207.0,230.0,257.0,289.0
379,ogrid,49,1,15.0,10.0,141.2568105295378,39.59448385197941,74.0,90.0,98.0,103.0,204.0,226.0,256.0,290.0
380,ogrid,49,2,7.5,0.1,375.98010407101316,320.5339265564504,0.0,0.0,0.0,0.0,688.0,706.0,738.0,809.0
381,ogrid,49,2,7.5,1.0,384.3102744617896,234.82240703598762,0.0,0.0,0.0,0.0,564.0,574.0,593.0,631.0
382,ogrid,49,2,7.5,2.5,394.7842056932966,68.63565425417474,225.0,260.0,284.0,301.0,485.0,499.0,522.0,572.0
383,ogrid,49,2,7.5,5.0,322.3775124987246,92.1038422861751,104.0,142.0,177.0,197.0,442.0,457.0,483.0,517.0
384,ogrid,49,2,7.5,10.0,292.6102438526681,97.29492238234906,73.0,102.0,140.0,161.0,419.0,435.0,456.0,508.0
385,ogrid,49,2,10.0,0.1,377.4398530762167,33.44522816105565,291.0,316.0,330.0,338.0,424.0,439.0,471.0,513.0
386,ogrid,49,2,10.0,1.0,323.6261605958576,20.119265484370214,246.0,277.0,291.0,298.0,350.0,357.0,370.0,398.0
387,ogrid,49,2,10.0,2.5,277.5375982042649,26.169630212535363,166.0,214.0,231.0,242.0,310.0,318.0,332.0,373.0
388,ogrid,49,2,10.0,5.0,249.6805428017549,31.788071017050274,146.0,173.0,193.0,205.0,289.0,297.0,311.0,350.0
389,ogrid,49,2,10.0,10.0,234.76349352106928,33.73938144691679,128.0,155.0,174.0,187.0,276.0,284.0,300.0,331.0
390,ogrid,49,2,12.5,0.1,233.3438424650546,18.932212108740767,173.0,193.0,204.0,210.0,258.0,266.0,281.0,306.0
391,ogrid,49,2,12.5,1.0,213.11947760432608,15.106002660143478,162.0,178.0,188.0,194.0,233.0,239.0,250.0,274.0
392,ogrid,49,2,12.5,2.5,195.50484644424037,14.956768704775238,145.0,161.0,171.0,177.0,215.0,220.0,232.0,260.0
393,ogrid,49,2,12.5,5.0,182.82399755127028,15.58396787295958,125.0,146.0,157.0,163.0,203.0,209.0,218.0,238.0
394,ogrid,49,2,12.5,10.0,174.576471788593,15.798667395698121,116.0,138.0,148.0,154.0,195.0,201.0,211.0,230.0
395,ogrid,49,2,15.0,0.1,157.50719314355678,13.620678382232773,112.0,127.0,136.0,140.0,175.0,180.0,191.0,221.0
396,ogrid,49,2,15.0,1.0,149.43077237016632,12.69125607344195,105.0,121.0,129.0,133.0,166.0,171.0,180.0,203.0
397,ogrid,49,2,15.0,2.5,141.66238138965412,12.131913710305355,98.0,115.0,122.0,126.0,157.0,162.0,170.0,189.0
398,ogrid,49,2,15.0,5.0,135.0431588613407,12.062267214677984,89.0,109.0,116.0,120.0,150.0,155.0,164.0,191.0
399,ogrid,49,2,15.0,10.0,129.98969492908887,12.027253509243007,85.0,103.0,110.0,115.0,145.0,150.0,159.0,180.0
400,ogrid,49,3,7.5,0.1,357.84032241607997,304.64977376504726,0.0,0.0,0.0,0.0,645.0,656.0,676.0,724.0
401,ogrid,49,3,7.5,1.0,366.40220385674934,223.61554028600509,0.0,0.0,0.0,0.0,535.0,546.0,565.0,600.0
402,ogrid,49,3,7.5,2.5,377.9539842873176,43.922634963627864,258.0,288.0,307.0,321.0,438.0,450.0,470.0,510.0
403,ogrid,49,3,7.5,5.0,289.09019487807365,61.58835128953018,139.0,166.0,192.0,209.0,373.0,388.0,409.0,441.0
404,ogrid,49,3,7.5,10.0,244.07723701663096,68.50106072190681,84.0,111.0,137.0,154.0,337.0,352.0,373.0,409.0
405,ogrid,49,3,10.0,0.1,363.60432608917455,23.24618729183701,285.0,313.0,326.0,334.0,394.0,403.0,420.0,447.0
406,ogrid,49,3,10.0,1.0,312.5777981838588,18.45779034374141,246.0,271.0,283.0,289.0,336.0,343.0,356.0,382.0
407,ogrid,49,3,10.0,2.5,259.9446995204571,22.502330201957204,180.0,208.0,223.0,230.0,289.0,296.0,310.0,330.0
408,ogrid,49,3,10.0,5.0,221.48913376186104,28.441662751282884,122.0,157.0,173.0,183.0,258.0,266.0,281.0,311.0
409,ogrid,49,3,10.0,10.0,198.40883583307826,30.827678474186655,98.0,128.0,146.0,157.0,237.0,245.0,261.0,285.0
410,ogrid,49,3,12.5,0.1,232.48025711662075,17.58810790316899,177.0,194.0,205.0,210.0,255.0,262.0,275.0,297.0
411,ogrid,49,3,12.5,1.0,209.55545352515048,14.702207095575265,159.0,177.0,186.0,191.0,229.0,234.0,245.0,264.0
412,ogrid,49,3,12.5,2.5,186.00561167227835,14.836636141611551,130.0,152.0,162.0,167.0,205.0,210.0,221.0,245.0
413,ogrid,49,3,12.5,5.0,167.1807978777676,15.756124078950576,105.0,132.0,141.0,147.0,187.0,193.0,205.0,229.0
414,ogrid,49,3,12.5,10.0,154.26313641465157,16.056756959466103,100.0,117.0,128.0,133.0,175.0,180.0,190.0,208.0
415,ogrid,49,3,15.0,0.1,159.05397408427712,13.525582360736387,106.0,128.0,137.0,142.0,176.0,182.0,191.0,214.0
416,ogrid,49,3,15.0,1.0,148.28895010713194,12.22141951323737,108.0,121.0,129.0,133.0,164.0,169.0,177.0,198.0
417,ogrid,49,3,15.0,2.5,136.7060504030201,11.662315561053795,97.0,111.0,118.0,122.0,152.0,156.0,165.0,190.0
418,ogrid,49,3,15.0,5.0,126.69594939291909,11.748772821405169,82.0,101.0,108.0,112.0,142.0,146.0,155.0,173.0
419,ogrid,49,3,15.0,10.0,118.96541169268443,11.49226537764577,78.0,92.0,100.0,104.0,134.0,138.0,146.0,161.0
420,ogrid,49,5,7.5,0.1,326.78808284868893,278.2267099272366,0.0,0.0,0.0,0.0,588.0,598.0,617.0,652.0
421,ogrid,49,5,7.5,1.0,336.09386797265586,205.00524246458176,0.0,0.0,0.0,0.0,490.0,499.0,517.0,546.0
422,ogrid,49,5,7.5,2.5,349.3973063973064,24.032319515108963,263.0,296.0,310.0,318.0,381.0,389.0,406.0,451.0
423,ogrid,49,5,7.5,5.0,249.41373329252116,29.95965608795881,166.0,186.0,202.0,211.0,290.0,299.0,318.0,354.0
424,ogrid,49,5,7.5,10.0,182.9334761759004,35.09907359888459,89.0,113.0,128.0,138.0,231.0,241.0,257.0,285.0
425,ogrid,49,5,10.0,0.1,338.36965615753496,18.573480000933923,268.0,296.0,308.0,315.0,362.0,369.0,382.0,411.0
426,ogrid,49,5,10.0,1.0,291.9823487399245,17.60156570962546,223.0,253.0,264.0,270.0,315.0,322.0,334.0,362.0
427,ogrid,49,5,10.0,2.5,237.2529333741455,17.551126297166842,178.0,197.0,208.0,215.0,260.0,266.0,278.0,306.0
428,ogrid,49,5,10.0,5.0,187.36496275890215,19.85369281203901,124.0,144.0,155.0,162.0,213.0,220.0,233.0,258.0
429,ogrid,49,5,10.0,10.0,150.95265789205183,21.534415507414785,82.0,103.0,115.0,123.0,179.0,186.0,197.0,230.0
430,ogrid,49,5,12.5,0.1,224.00346903377206,15.30465331944938,168.0,189.0,200.0,205.0,244.0,249.0,261.0,283.0
431,ogrid,49,5,12.5,1.0,199.82073257830834,14.219424179320287,149.0,167.0,176.0,182.0,218.0,223.0,233.0,264.0
432,ogrid,49,5,12.5,2.5,171.4164881134578,13.612406548127836,115.0,140.0,149.0,154.0,189.0,194.0,204.0,229.0
433,ogrid,49,5,12.5,5.0,144.26517702275277,14.020361411917678,93.0,112.0,122.0,126.0,162.0,167.0,178.0,199.0
434,ogrid,49,5,12.5,10.0,122.84277114580145,14.337951400240042,68.0,91.0,99.0,104.0,141.0,146.0,156.0,175.0
435,ogrid,49,5,15.0,0.1,157.25660646872768,12.927941985652806,108.0,128.0,136.0,141.0,174.0,179.0,188.0,209.0
436,ogrid,49,5,15.0,1.0,144.1119273543516,12.020550948556975,93.0,117.0,125.0,129.0,160.0,164.0,173.0,199.0
437,ogrid,49,5,15.0,2.5,128.31088664421998,11.507518861484428,89.0,103.0,110.0,114.0,143.0,148.0,156.0,176.0
438,ogrid,49,5,15.0,5.0,112.55198449137843,11.186601970971227,72.0,88.0,94.0,98.0,127.0,131.0,139.0,156.0
439,ogrid,49,5,15.0,10.0,99.2573206815631,10.923704378055964,61.0,74.0,81.0,85.0,113.0,117.0,125.0,141.0
440,ogrid,49,10,7.5,0.1,268.22640546882974,228.46621234500654,0.0,0.0,0.0,0.0,485.0,493.0,511.0,552.0
441,ogrid,49,10,7.5,1.0,279.66483011937555,170.63760345175442,0.0,0.0,0.0,0.0,409.0,417.0,432.0,467.0
442,ogrid,49,10,7.5,2.5,295.4424038363432,17.33224354655413,233.0,256.0,267.0,273.0,318.0,324.0,336.0,374.0
443,ogrid,49,10,7.5,5.0,204.7031935516784,14.889182151223629,149.0,171.0,181.0,186.0,224.0,230.0,240.0,262.0
444,ogrid,49,10,7.5,10.0,123.41128456279971,12.416188207820245,76.0,96.0,103.0,108.0,139.0,144.0,153.0,176.0
445,ogrid,49,10,10.0,0.1,288.68258340985614,17.21155662808823,228.0,250.0,261.0,267.0,311.0,317.0,330.0,360.0
446,ogrid,49,10,10.0,1.0,250.65268850117334,16.227076244171,189.0,214.0,225.0,230.0,272.0,278.0,290.0,316.0
447,ogrid,49,10,10.0,2.5,202.63146617692072,14.379620224162654,150.0,170.0,179.0,184.0,221.0,227.0,237.0,256.0
448,ogrid,49,10,10.0,5.0,150.6938067544128,12.415271928165742,107.0,123.0,131.0,135.0,167.0,171.0,180.0,196.0
449,ogrid,49,10,10.0,10.0,100.79553106825834,11.006339104613547,60.0,77.0,83.0,87.0,115.0,119.0,127.0,146.0
450,ogrid,49,10,12.5,0.1,197.7598204264871,14.119971540150454,148.0,165.0,175.0,180.0,216.0,221.0,232.0,260.0
451,ogrid,49,10,12.5,1.0,176.2384450566269,13.238851631521634,125.0,146.0,155.0,159.0,193.0,198.0,208.0,226.0
452,ogrid,49,10,12.5,2.5,147.95582083460872,12.012313303144712,103.0,121.0,129.0,133.0,164.0,168.0,177.0,203.0
453,ogrid,49,10,12.5,5.0,116.00224466891133,11.087605764701314,71.0,91.0,98.0,102.0,130.0,135.0,143.0,166.0
454,ogrid,49,10,12.5,10.0,83.94255688195082,9.824605390909442,48.0,62.0,68.0,72.0,97.0,100.0,108.0,126.0
455,ogrid,49,10,15.0,0.1,143.90154065911642,12.070440750775111,100.0,117.0,124.0,128.0,159.0,164.0,173.0,193.0
456,ogrid,49,10,15.0,1.0,130.33619018467505,11.46464759196139,89.0,105.0,112.0,116.0,145.0,150.0,158.0,175.0
457,ogrid,49,10,15.0,2.5,112.82603815937149,10.658889090681882,74.0,89.0,96.0,99.0,126.0,131.0,139.0,157.0
458,ogrid,49,10,15.0,5.0,92.26507499234772,9.83420013076849,55.0,71.0,76.0,80.0,105.0,109.0,116.0,132.0
459,ogrid,49,10,15.0,10.0,70.5993265993266,8.712468478252765,38.0,51.0,57.0,60.0,82.0,85.0,92.0,107.0
460,ogrid,49,15,7.5,0.1,225.34476073870013,192.00623014473464,0.0,0.0,0.0,0.0,408.0,417.0,432.0,464.0
461,ogrid,49,15,7.5,1.0,238.0932557902255,145.27047021258275,0.0,0.0,0.0,0.0,349.0,356.0,370.0,404.0
462,ogrid,49,15,7.5,2.5,256.0952963983267,16.07680712994708,201.0,220.0,230.0,236.0,277.0,283.0,294.0,316.0
463,ogrid,49,15,7.5,5.0,179.3653708805224,13.35222340655924,136.0,149.0,158.0,162.0,197.0,202.0,212.0,255.0
464,ogrid,49,15,7.5,10.0,104.28966431996734,10.388989029317615,68.0,81.0,87.0,91.0,118.0,122.0,129.0,147.0
465,ogrid,49,15,10.0,0.1,250.7875726966636,15.846697359313682,192.0,215.0,225.0,231.0,271.0,277.0,288.0,313.0
466,ogrid,49,15,10.0,1.0,219.31404958677686,14.774450751132617,168.0,185.0,195.0,201.0,238.0,244.0,255.0,279.0
467,ogrid,49,15,10.0,2.5,178.68401183552697,13.473075421582262,132.0,148.0,157.0,161.0,196.0,201.0,210.0,231.0
468,ogrid,49,15,10.0,5.0,132.88766452402817,11.567510409587106,94.0,107.0,114.0,118.0,148.0,152.0,160.0,177.0
469,ogrid,49,15,10.0,10.0,84.04581165187226,9.16955004081754,52.0,63.0,69.0,73.0,96.0,100.0,106.0,122.0
470,ogrid,49,15,12.5,0.1,175.19110294867872,13.28166859083574,116.0,144.0,154.0,158.0,192.0,197.0,206.0,227.0
471,ogrid,49,15,12.5,1.0,156.99979593918988,12.515302334763858,107.0,129.0,137.0,141.0,173.0,178.0,187.0,208.0
472,ogrid,49,15,12.5,2.5,132.13447607387002,11.518096205689282,92.0,107.0,113.0,117.0,147.0,151.0,160.0,184.0
473,ogrid,49,15,12.5,5.0,102.63003775124987,10.169698358666187,69.0,80.0,86.0,90.0,115.0,120.0,128.0,151.0
474,ogrid,49,15,12.5,10.0,69.38414447505356,8.285813061931712,39.0,51.0,56.0,59.0,80.0,83.0,89.0,103.0
475,ogrid,49,15,15.0,0.1,129.92041628405264,11.48964002239656,87.0,104.0,111.0,115.0,145.0,149.0,158.0,176.0
476,ogrid,49,15,15.0,1.0,118.12355882052852,10.806803333681149,76.0,93.0,100.0,104.0,132.0,136.0,143.0,165.0
477,ogrid,49,15,15.0,2.5,101.83920008162433,10.102982531303198,65.0,79.0,86.0,89.0,115.0,119.0,126.0,143.0
478,ogrid,49,15,15.0,5.0,81.81501887562493,9.009872427806128,48.0,62.0,67.0,71.0,93.0,97.0,104.0,118.0
479,ogrid,49,15,15.0,10.0,58.329660238751146,7.707857485084022,28.0,41.0,46.0,48.0,68.0,71.0,77.0,94.0
480,ogrid,81,1,7.5,0.1,667.0298949086828,570.6138592192692,0.0,0.0,0.0,0.0,1246.0,1308.0,1428.0,1602.0
481,ogrid,81,1,7.5,1.0,680.393327211509,420.4672335542522,0.0,0.0,0.0,0.0,1019.0,1035.0,1063.0,1115.0
482,ogrid,81,1,7.5,2.5,693.7578818487909,230.0609755910636,208.0,260.0,324.0,362.0,958.0,978.0,1011.0,1068.0
483,ogrid,81,1,7.5,5.0,628.2343638404244,259.6411819798346,98.0,144.0,205.0,248.0,925.0,947.0,978.0,1057.0
484,ogrid,81,1,7.5,10.0,605.842056932966,264.4035293918658,65.0,113.0,177.0,218.0,910.0,932.0,964.0,1053.0
485,ogrid,81,1,10.0,0.1,660.388225691256,77.65800551096653,510.0,553.0,575.0,587.0,768.0,818.0,922.0,1125.0
486,ogrid,81,1,10.0,1.0,572.7000306091215,33.23303565290655,425.0,481.0,515.0,531.0,613.0,624.0,644.0,687.0
487,ogrid,81,1,10.0,2.5,525.9068462401796,48.92226295390573,323.0,389.0,432.0,458.0,582.0,594.0,615.0,650.0
488,ogrid,81,1,10.0,5.0,503.92684419957146,54.4636541018861,292.0,349.0,398.0,429.0,566.0,577.0,597.0,646.0
489,ogrid,81,1,10.0,10.0,492.9222528313437,56.110601745733284,285.0,338.0,385.0,414.0,556.0,569.0,591.0,636.0
490,ogrid,81,1,12.5,0.1,397.49719416386085,32.72641876432863,289.0,335.0,349.0,358.0,442.0,457.0,484.0,534.0
491,ogrid,81,1,12.5,1.0,378.3610856035098,28.78160328206,293.0,321.0,336.0,344.0,418.0,429.0,452.0,491.0
492,ogrid,81,1,12.5,2.5,364.1482501785532,29.159097959748305,265.0,305.0,320.0,329.0,404.0,416.0,436.0,474.0
493,ogrid,81,1,12.5,5.0,354.6694214876033,29.208919808684257,265.0,294.0,310.0,319.0,395.0,407.0,428.0,465.0
494,ogrid,81,1,12.5,10.0,348.60055096418733,29.111449603428145,261.0,289.0,305.0,313.0,388.0,400.0,420.0,471.0
495,ogrid,81,1,15.0,0.1,269.0775431078461,32.32232490398958,188.0,213.0,225.0,233.0,317.0,333.0,355.0,383.0
496,ogrid,81,1,15.0,1.0,262.6931945719825,32.41578044349443,187.0,208.0,220.0,227.0,311.0,327.0,350.0,399.0
497,ogrid,81,1,15.0,2.5,256.71482501785533,32.33320858660391,181.0,202.0,214.0,220.0,306.0,321.0,344.0,381.0
498,ogrid,81,1,15.0,5.0,251.83624119987758,32.59796779007914,173.0,196.0,208.0,216.0,300.0,316.0,338.0,369.0
499,ogrid,81,1,15.0,10.0,248.22834404652588,32.79329754451145,170.0,192.0,205.0,212.0,298.0,313.0,335.0,384.0
500,ogrid,81,2,7.5,0.1,631.2021222324253,537.1894966492364,0.0,0.0,0.0,0.0,1136.0,1156.0,1191.0,1280.0
501,ogrid,81,2,7.5,1.0,644.5820834608713,394.62591955863314,0.0,0.0,0.0,0.0,951.0,966.0,993.0,1050.0
502,ogrid,81,2,7.5,2.5,661.7923681257015,129.8792193467225,362.0,409.0,455.0,490.0,836.0,859.0,893.0,972.0
503,ogrid,81,2,7.5,5.0,544.7245179063361,167.0895779768978,178.0,228.0,287.0,323.0,769.0,792.0,826.0,899.0
504,ogrid,81,2,7.5,10.0,495.52157943067033,176.33240136874204,111.0,164.0,221.0,260.0,731.0,755.0,790.0,846.0
505,ogrid,81,2,10.0,0.1,634.7340067340067,39.40381585019814,525.0,558.0,576.0,587.0,688.0,706.0,734.0,802.0
506,ogrid,81,2,10.0,1.0,548.3585348433834,28.20772153840795,444.0,480.0,500.0,511.0,584.0,593.0,610.0,641.0
507,ogrid,81,2,10.0,2.5,474.2272217120702,47.620482288176774,306.0,357.0,388.0,407.0,531.0,543.0,562.0,593.0
508,ogrid,81,2,10.0,5.0,428.9023569023569,58.584588592605094,228.0,286.0,324.0,346.0,499.0,511.0,534.0,567.0
509,ogrid,81,2,10.0,10.0,404.53270074482197,61.78875130407388,209.0,255.0,294.0,316.0,478.0,491.0,510.0,541.0
510,ogrid,81,2,12.5,0.1,399.32078359351084,24.08592468263932,317.0,347.0,362.0,369.0,431.0,440.0,460.0,531.0
511,ogrid,81,2,12.5,1.0,367.4279155188246,19.59239091297884,287.0,323.0,336.0,342.0,393.0,401.0,415.0,441.0
512,ogrid,81,2,12.5,2.5,339.27895112743596,21.46148128206165,260.0,289.0,304.0,311.0,367.0,374.0,388.0,423.0
513,ogrid,81,2,12.5,5.0,318.65921844709726,23.447814374483634,231.0,265.0,279.0,287.0,348.0,356.0,371.0,403.0
514,ogrid,81,2,12.5,10.0,305.294051627385,24.595191208643268,213.0,248.0,264.0,272.0,336.0,344.0,359.0,391.0
515,ogrid,81,2,15.0,0.1,272.9675543311907,17.25098661993035,212.0,233.0,245.0,251.0,295.0,302.0,314.0,339.0
516,ogrid,81,2,15.0,1.0,260.2313029282726,16.19967310974283,191.0,225.0,235.0,240.0,281.0,287.0,299.0,319.0
517,ogrid,81,2,15.0,2.5,247.5951433527191,16.050697435210623,187.0,212.0,221.0,227.0,268.0,274.0,285.0,317.0
518,ogrid,81,2,15.0,5.0,236.74145495357615,16.382028717368314,178.0,200.0,210.0,216.0,258.0,264.0,276.0,301.0
519,ogrid,81,2,15.0,10.0,228.50607080910112,16.40813841677776,170.0,191.0,202.0,207.0,250.0,255.0,267.0,296.0
520,ogrid,81,3,7.5,0.1,600.2159983675135,510.57714849171225,0.0,0.0,0.0,0.0,1070.0,1084.0,1109.0,1161.0
521,ogrid,81,3,7.5,1.0,614.4922967044179,375.0312013232536,0.0,0.0,0.0,0.0,894.0,910.0,937.0,983.0
522,ogrid,81,3,7.5,2.5,633.3944495459647,79.18770413569618,422.0,474.0,507.0,529.0,743.0,762.0,793.0,840.0
523,ogrid,81,3,7.5,5.0,487.746250382614,110.39200999297415,217.0,277.0,318.0,345.0,641.0,665.0,698.0,760.0
524,ogrid,81,3,7.5,10.0,413.19120497908375,121.60454308820361,131.0,182.0,225.0,256.0,581.0,605.0,640.0,690.0
525,ogrid,81,3,10.0,0.1,610.2271196816652,27.935348187523797,507.0,547.0,566.0,575.0,646.0,657.0,678.0,718.0
526,ogrid,81,3,10.0,1.0,526.7952249770432,26.34059524990789,434.0,465.0,483.0,493.0,561.0,570.0,587.0,609.0
527,ogrid,81,3,10.0,2.5,441.4871951841649,38.982540577155405,313.0,352.0,375.0,388.0,490.0,501.0,521.0,567.0
528,ogrid,81,3,10.0,5.0,377.88960310172433,50.504620756309066,222.0,262.0,292.0,308.0,442.0,454.0,473.0,527.0
529,ogrid,81,3,10.0,10.0,340.40944801550864,54.87632707134207,179.0,214.0,246.0,265.0,409.0,422.0,442.0,471.0
530,ogrid,81,3,12.5,0.1,394.75237220691764,22.10592158079944,313.0,345.0,359.0,367.0,423.0,431.0,448.0,486.0
531,ogrid,81,3,12.5,1.0,357.2657892051831,19.64341494109296,284.0,313.0,325.0,332.0,382.0,390.0,404.0,439.0
532,ogrid,81,3,12.5,2.5,319.473931231507,21.230462463584647,224.0,270.0,284.0,292.0,346.0,354.0,368.0,408.0
533,ogrid,81,3,12.5,5.0,288.6816651362106,24.651594918996594,203.0,230.0,247.0,256.0,320.0,328.0,343.0,371.0
534,ogrid,81,3,12.5,10.0,267.4040404040404,25.57665915081578,166.0,207.0,224.0,233.0,300.0,308.0,321.0,350.0
535,ogrid,81,3,15.0,0.1,273.10937659422507,17.31048725225308,207.0,234.0,245.0,251.0,296.0,302.0,314.0,341.0
536,ogrid,81,3,15.0,1.0,255.4575043362922,16.23327092252212,193.0,219.0,229.0,235.0,276.0,283.0,294.0,316.0
537,ogrid,81,3,15.0,2.5,236.7166615651464,16.18061436765631,172.0,200.0,210.0,216.0,258.0,264.0,275.0,298.0
538,ogrid,81,3,15.0,5.0,220.52566064687278,16.226567075884784,160.0,183.0,194.0,200.0,241.0,247.0,259.0,295.0
539,ogrid,81,3,15.0,10.0,207.6011631466177,16.45703469938737,146.0,170.0,181.0,187.0,229.0,235.0,246.0,269.0
540,ogrid,81,5,7.5,0.1,547.8735843281298,466.16615758548005,0.0,0.0,0.0,0.0,978.0,991.0,1017.0,1072.0
541,ogrid,81,5,7.5,1.0,563.5145393327211,343.2104071127052,0.0,0.0,0.0,0.0,813.0,826.0,849.0,898.0
542,ogrid,81,5,7.5,2.5,585.188144066932,37.29515498127192,458.0,504.0,524.0,537.0,635.0,648.0,670.0,727.0
543,ogrid,81,5,7.5,5.0,419.3012957861443,49.72004193992046,278.0,317.0,341.0,355.0,487.0,503.0,525.0,560.0
544,ogrid,81,5,7.5,10.0,308.8494031221304,59.44169875914679,140.0,192.0,215.0,232.0,391.0,407.0,430.0,461.0
545,ogrid,81,5,10.0,0.1,567.479134782165,24.053790482036593,477.0,512.0,528.0,537.0,598.0,608.0,624.0,657.0
546,ogrid,81,5,10.0,1.0,490.0391796755433,23.502089804559347,391.0,437.0,452.0,460.0,520.0,529.0,545.0,587.0
547,ogrid,81,5,10.0,2.5,399.57973676155495,25.996522759088457,314.0,340.0,357.0,366.0,433.0,442.0,459.0,504.0
548,ogrid,81,5,10.0,5.0,316.93735333129274,31.97824025339174,211.0,245.0,264.0,275.0,359.0,368.0,386.0,420.0
549,ogrid,81,5,10.0,10.0,256.91511070298947,36.40249799435537,147.0,176.0,196.0,209.0,304.0,315.0,331.0,363.0
550,ogrid,81,5,12.5,0.1,377.3000714212835,19.628075551544985,301.0,333.0,345.0,352.0,402.0,409.0,424.0,452.0
551,ogrid,81,5,12.5,1.0,337.1978369554127,18.968458222006703,268.0,293.0,306.0,313.0,362.0,369.0,382.0,412.0
552,ogrid,81,5,12.5,2.5,290.23099683705743,19.08872047515828,219.0,247.0,259.0,265.0,315.0,322.0,334.0,357.0
553,ogrid,81,5,12.5,5.0,245.78532802775226,20.925242213039226,172.0,197.0,211.0,219.0,273.0,280.0,294.0,321.0
554,ogrid,81,5,12.5,10.0,210.81389654116927,22.301617917718264,134.0,159.0,173.0,182.0,239.0,247.0,259.0,287.0
555,ogrid,81,5,15.0,0.1,266.5198449137843,16.680534145588123,202.0,228.0,239.0,245.0,288.0,294.0,306.0,328.0
556,ogrid,81,5,15.0,1.0,244.87215590245893,15.635628918562565,184.0,210.0,219.0,225.0,265.0,271.0,282.0,304.0
557,ogrid,81,5,15.0,2.5,218.94092439546986,15.312680876164075,167.0,184.0,194.0,199.0,239.0,245.0,255.0,280.0
558,ogrid,81,5,15.0,5.0,193.35282114069992,15.536220255654426,137.0,158.0,168.0,174.0,213.0,219.0,230.0,253.0
559,ogrid,81,5,15.0,10.0,171.32833384348535,15.503584380035512,103.0,136.0,146.0,152.0,191.0,197.0,207.0,231.0
560,ogrid,81,10,7.5,0.1,448.9600040812162,382.0016851434873,0.0,0.0,0.0,0.0,804.0,815.0,837.0,884.0
561,ogrid,81,10,7.5,1.0,468.3543515967758,285.16879696893227,0.0,0.0,0.0,0.0,676.0,687.0,707.0,749.0
562,ogrid,81,10,7.5,2.5,495.2238547087032,22.821382846486898,409.0,444.0,458.0,466.0,525.0,533.0,550.0,585.0
563,ogrid,81,10,7.5,5.0,343.0529537802265,19.383981863413435,276.0,299.0,311.0,319.0,368.0,375.0,388.0,414.0
564,ogrid,81,10,7.5,10.0,206.92949699010305,17.18237424031521,153.0,169.0,179.0,185.0,229.0,236.0,248.0,272.0
565,ogrid,81,10,10.0,0.1,483.805019895929,22.03683551419666,394.0,433.0,448.0,456.0,512.0,521.0,537.0,573.0
566,ogrid,81,10,10.0,1.0,419.95939189878584,20.42831798494139,344.0,373.0,387.0,394.0,446.0,453.0,468.0,516.0
567,ogrid,81,10,10.0,2.5,339.5902458932762,18.831843930768244,260.0,297.0,309.0,315.0,364.0,371.0,384.0,411.0
568,ogrid,81,10,10.0,5.0,252.67686970717273,16.53773097796868,196.0,216.0,226.0,232.0,274.0,280.0,293.0,318.0
569,ogrid,81,10,10.0,10.0,169.885725946332,15.043466637942135,121.0,136.0,145.0,151.0,189.0,195.0,205.0,228.0
570,ogrid,81,10,12.5,0.1,331.97612488521577,18.16885737044155,267.0,291.0,302.0,308.0,356.0,362.0,374.0,401.0
571,ogrid,81,10,12.5,1.0,295.51749821446793,17.242785937210478,229.0,256.0,268.0,274.0,317.0,324.0,337.0,365.0
572,ogrid,81,10,12.5,2.5,248.08029792878278,16.017876598680072,191.0,212.0,223.0,228.0,269.0,275.0,287.0,322.0
573,ogrid,81,10,12.5,5.0,195.15212733394551,14.316806191004092,139.0,163.0,172.0,177.0,213.0,219.0,230.0,251.0
574,ogrid,81,10,12.5,10.0,141.71584532190593,13.244298803369324,91.0,112.0,120.0,125.0,159.0,163.0,173.0,194.0
575,ogrid,81,10,15.0,0.1,241.42546678910315,15.51277668683471,189.0,206.0,216.0,222.0,261.0,267.0,278.0,313.0
576,ogrid,81,10,15.0,1.0,218.93531272319152,14.751324349734315,163.0,185.0,195.0,200.0,238.0,243.0,254.0,281.0
577,ogrid,81,10,15.0,2.5,189.66136108560352,13.726551952012146,141.0,159.0,167.0,172.0,207.0,213.0,223.0,242.0
578,ogrid,81,10,15.0,5.0,155.72696663605754,12.850459486778421,109.0,127.0,135.0,140.0,172.0,178.0,187.0,208.0
579,ogrid,81,10,15.0,10.0,119.65462707886951,11.612295855049458,73.0,94.0,101.0,105.0,135.0,139.0,147.0,162.0
580,ogrid,81,15,7.5,0.1,377.5896337108458,321.38165837591526,0.0,0.0,0.0,0.0,678.0,690.0,710.0,741.0
581,ogrid,81,15,7.5,1.0,399.349556167738,243.1402247741645,0.0,0.0,0.0,0.0,578.0,588.0,605.0,636.0
582,ogrid,81,15,7.5,2.5,428.71482501785533,21.015029375171306,354.0,380.0,394.0,402.0,455.0,464.0,479.0,511.0
583,ogrid,81,15,7.5,5.0,300.61279461279463,17.51962927732351,239.0,260.0,272.0,278.0,323.0,330.0,343.0,374.0
584,ogrid,81,15,7.5,10.0,174.69850015304561,13.281319067589246,125.0,145.0,153.0,158.0,192.0,197.0,207.0,228.0
585,ogrid,81,15,10.0,0.1,420.0752984389348,20.734055907006436,346.0,372.0,386.0,394.0,447.0,455.0,469.0,497.0
586,ogrid,81,15,10.0,1.0,367.4276094276094,19.076272752111098,292.0,324.0,336.0,343.0,392.0,399.0,413.0,440.0
587,ogrid,81,15,10.0,2.5,299.3955718804204,17.560696460548876,239.0,260.0,271.0,277.0,322.0,329.0,341.0,376.0
588,ogrid,81,15,10.0,5.0,222.66095296398328,15.09729134542713,165.0,188.0,198.0,204.0,242.0,248.0,259.0,280.0
589,ogrid,81,15,10.0,10.0,140.8509335782063,11.896911267215792,94.0,115.0,122.0,126.0,156.0,161.0,170.0,183.0
590,ogrid,81,15,12.5,0.1,294.23303744515863,17.296055315714696,233.0,255.0,266.0,272.0,316.0,323.0,336.0,361.0
591,ogrid,81,15,12.5,1.0,263.2247729823487,16.18396127348845,207.0,226.0,237.0,243.0,285.0,290.0,301.0,325.0
592,ogrid,81,15,12.5,2.5,221.2845627997143,14.852048477579416,168.0,188.0,197.0,202.0,240.0,246.0,257.0,276.0
593,ogrid,81,15,12.5,5.0,171.9672482399755,13.317585154525162,122.0,141.0,150.0,155.0,189.0,194.0,203.0,222.0
594,ogrid,81,15,12.5,10.0,116.54657687991022,11.030289098181534,76.0,92.0,99.0,102.0,131.0,135.0,143.0,156.0
595,ogrid,81,15,15.0,0.1,217.5213753698602,14.669413480227965,160.0,185.0,194.0,199.0,237.0,242.0,253.0,270.0
596,ogrid,81,15,15.0,1.0,197.66329966329965,13.992516580004423,148.0,167.0,175.0,180.0,216.0,221.0,231.0,262.0
597,ogrid,81,15,15.0,2.5,170.83236404448525,13.089426489359019,118.0,141.0,149.0,154.0,188.0,192.0,202.0,228.0
598,ogrid,81,15,15.0,5.0,137.32680338740946,11.769303432680015,96.0,110.0,118.0,122.0,152.0,157.0,165.0,184.0
599,ogrid,81,15,15.0,10.0,98.22007958371594,9.937978713495994,60.0,76.0,82.0,85.0,111.0,115.0,122.0,139.0
